Id,OwnerCity,OwnerState,PropertyLocationStreet1,PropertyCity,PropertyZip,CountyName,StateParcelId,ParcelSize,ValueofHome,YearBuilt,TypeOfResidence,NumberOfStories,AdjSquareFeet,Pool,PPC,BCEG,DistancetoCoast,PoliceID,Crime,FireID,DistancetoFireDepartment,DistancetoSinkhole,SinkholeLatitude,SinkholeLongitude,LocationWindSpeed,WindborneDebrisRegion,Terrain,FloodZone,FloodZoneRiskLevel,Race,Gender,Hispanic_origin,0-4,5-9,10-14,15-19,20-24,25-29,30-34,35-39,40-44,45-49,50-54,55-59,60-64,65-69,70-74,75-79,80-84,85 and up,All Ages,Average_Age_of_County
12009f31026acc440,PINEHURST,NC,5833 NEWBURY CIR,MELBOURNE,32940,BREVARD,C15-000-035-4368-3,10890.0,360350.0,2001.0,SINGLE FAMILY,2.0,3716.0,,,,-99.0,,,,1.67,19.32,28.46383,-80.79177,120.0,True,B   ,X:100,,All Races,Both Sexes,Both,"24,707","29,546","31,999","29,172","21,502","22,727","27,918","38,674","39,753","33,325","29,913","26,842","25,471","26,887","25,059","21,000","12,775","8,960","476,230",42.86599962
12009f4575a7b9603,CHRISTIANSBURG,VA,297 HIGHWAY A1A,SATELLITE BEACH,32937,BREVARD,C15-000-035-9268-0,3485.0,277190.0,1988.0,CONDO STACKED,,1627.0,,4,99.0,105.6,,,,0.46,21.55,28.46383,-80.79177,120.0,True,C   ,"V:70, A:30",,All Races,Both Sexes,Both,"24,707","29,546","31,999","29,172","21,502","22,727","27,918","38,674","39,753","33,325","29,913","26,842","25,471","26,887","25,059","21,000","12,775","8,960","476,230",42.86599962
120093f03310c517b,WILMINGTON,NC,6979 MCGRADY DR,MELBOURNE,32940,BREVARD,C15-000-052-6688-7,6098.0,219010.0,2005.0,SINGLE FAMILY,1.0,2634.0,,4,,-99.0,,,,2.06,16.04,28.46383,-80.79177,110.0,False,B   ,X:100,,All Races,Both Sexes,Both,"24,707","29,546","31,999","29,172","21,502","22,727","27,918","38,674","39,753","33,325","29,913","26,842","25,471","26,887","25,059","21,000","12,775","8,960","476,230",42.86599962
12009af41562b6437,NEWBERRY,SC,235 STEWART DR,MERRITT ISLAND,32952,BREVARD,C15-001-088-4839-1,49223.0,798030.0,1984.0,SINGLE FAMILY,2.0,6005.0,,4,,52.8,,,,2.83,15.51,28.46383,-80.79177,120.0,True,C   ,"X:50, A:40, X500:10",,All Races,Both Sexes,Both,"24,707","29,546","31,999","29,172","21,502","22,727","27,918","38,674","39,753","33,325","29,913","26,842","25,471","26,887","25,059","21,000","12,775","8,960","476,230",42.86599962
12009136849a01642,FORT MILL,SC,4983 PATRICIA ST,COCOA,32927,BREVARD,C15-000-026-2227-2,10019.0,141290.0,1995.0,SINGLE FAMILY,1.0,2204.0,,,,-99.0,,,,1.41,1.45,28.46383,-80.79177,120.0,True,B   ,X:100,,All Races,Both Sexes,Both,"24,707","29,546","31,999","29,172","21,502","22,727","27,918","38,674","39,753","33,325","29,913","26,842","25,471","26,887","25,059","21,000","12,775","8,960","476,230",42.86599962
12009f5c675f10225,NEWPORT,NC,400 SEA HORSE AVE,INDIALANTIC,32903,BREVARD,C15-000-039-6896-3,7841.0,161550.0,1973.0,SINGLE FAMILY,1.0,1502.0,,,,2164.8,,,,1.09,25.39,27.756390000000003,-80.685,120.0,True,C   ,X:100,,All Races,Both Sexes,Both,"24,707","29,546","31,999","29,172","21,502","22,727","27,918","38,674","39,753","33,325","29,913","26,842","25,471","26,887","25,059","21,000","12,775","8,960","476,230",42.86599962
12009fd8a90427b23,GREENSBORO,NC,128 JEFFERSON AVE,CAPE CANAVERAL,32920,BREVARD,C15-001-086-9588-3,5663.0,133900.0,1990.0,ATTACHED RESIDENTIAL,2.0,1365.0,,,,1900.8,,,,0.16,12.49,28.46383,-80.79177,120.0,True,C   ,"X500:70, X:30",,All Races,Both Sexes,Both,"24,707","29,546","31,999","29,172","21,502","22,727","27,918","38,674","39,753","33,325","29,913","26,842","25,471","26,887","25,059","21,000","12,775","8,960","476,230",42.86599962
1200967fb67df954a,WAYNESVILLE,NC,1340 TROPICANA RD NE,PALM BAY,32905,BREVARD,C15-000-043-3935-4,20909.0,82850.0,1965.0,SINGLE FAMILY,1.0,2456.0,,,,-99.0,744.0,,744.0,0.35,19.56,27.756390000000003,-80.685,120.0,True,B   ,X:100,,All Races,Both Sexes,Both,"24,707","29,546","31,999","29,172","21,502","22,727","27,918","38,674","39,753","33,325","29,913","26,842","25,471","26,887","25,059","21,000","12,775","8,960","476,230",42.86599962
12009ef032706de1f,GREAT FALLS,VA,1439 CYPRESS TRACE DR,MELBOURNE,32940,BREVARD,C15-001-088-8632-6,9583.0,262320.0,1990.0,SINGLE FAMILY,1.0,3795.0,,4,,-99.0,,,,1.53,18.05,28.46383,-80.79177,120.0,True,B   ,A:100,,All Races,Both Sexes,Both,"24,707","29,546","31,999","29,172","21,502","22,727","27,918","38,674","39,753","33,325","29,913","26,842","25,471","26,887","25,059","21,000","12,775","8,960","476,230",42.86599962
120099aed9a61dab6,DULLES,VA,199 SAND PINE RD,INDIALANTIC,32903,BREVARD,C15-001-090-3397-7,12197.0,301060.0,1972.0,SINGLE FAMILY,1.0,4531.0,,,,1953.6,,,,0.45,26.29,28.46383,-80.79177,120.0,True,C   ,X:100,,All Races,Both Sexes,Both,"24,707","29,546","31,999","29,172","21,502","22,727","27,918","38,674","39,753","33,325","29,913","26,842","25,471","26,887","25,059","21,000","12,775","8,960","476,230",42.86599962
12009beb1fa7f7fea,COLUMBIA,SC,331 CHRISTMAS AVE SE,PALM BAY,32909,BREVARD,C15-000-047-8358-5,10454.0,66690.0,1978.0,SINGLE FAMILY,1.0,1569.0,,,,-99.0,744.0,,744.0,0.92,16.41,27.756390000000003,-80.685,120.0,True,B   ,X:100,,All Races,Both Sexes,Both,"24,707","29,546","31,999","29,172","21,502","22,727","27,918","38,674","39,753","33,325","29,913","26,842","25,471","26,887","25,059","21,000","12,775","8,960","476,230",42.86599962
1200960b72abbaf69,RICHMOND,VA,2241 FLOWER TREE CIR,MELBOURNE,32935,BREVARD,C15-000-053-7745-2,6970.0,58910.0,1985.0,CONDO STACKED,,845.0,,,,-99.0,620.0,,620.0,0.38,23.65,28.46383,-80.79177,120.0,True,B   ,X:100,,All Races,Both Sexes,Both,"24,707","29,546","31,999","29,172","21,502","22,727","27,918","38,674","39,753","33,325","29,913","26,842","25,471","26,887","25,059","21,000","12,775","8,960","476,230",42.86599962
12009a2a7f9219d9e,WINCHESTER,VA,151 TAMPA AVE,INDIALANTIC,32903,BREVARD,C15-000-044-8783-1,12632.0,326520.0,1962.0,SINGLE FAMILY,1.0,2782.0,,4,,1161.6,477.0,,477.0,0.84,23.44,27.74864,-80.64644,120.0,True,C   ,X:100,,All Races,Both Sexes,Both,"24,707","29,546","31,999","29,172","21,502","22,727","27,918","38,674","39,753","33,325","29,913","26,842","25,471","26,887","25,059","21,000","12,775","8,960","476,230",42.86599962
12009b5561da9d72a,MANASSAS,VA,668 PALM DR,SATELLITE BEACH,32937,BREVARD,C15-000-037-4657-5,8276.0,264660.0,1987.0,SINGLE FAMILY,1.0,2788.0,,5,,897.6,870.0,,870.0,0.77,24.24,28.46383,-80.79177,120.0,True,C   ,X:100,,All Races,Both Sexes,Both,"24,707","29,546","31,999","29,172","21,502","22,727","27,918","38,674","39,753","33,325","29,913","26,842","25,471","26,887","25,059","21,000","12,775","8,960","476,230",42.86599962
12009d13384c45c38,HICKORY,NC,2195 HIGHWAY A1A,SATELLITE BEACH,32937,BREVARD,C15-000-038-4355-4,3485.0,516500.0,2001.0,CONDO STACKED,,2617.0,,4,4.0,158.4,479.0,,,1.05,25.63,28.46383,-80.79177,120.0,True,C   ,"X:60, V:40",,All Races,Both Sexes,Both,"24,707","29,546","31,999","29,172","21,502","22,727","27,918","38,674","39,753","33,325","29,913","26,842","25,471","26,887","25,059","21,000","12,775","8,960","476,230",42.86599962
12009c84e716ed1df,GREENSBORO,NC,2925 HIGHWAY A1A N,INDIALANTIC,32903,BREVARD,C15-000-038-5720-8,,144250.0,1975.0,CONDO ROW,,1067.0,,4,99.0,211.2,,,,0.38,26.28,28.46383,-80.79177,120.0,True,C   ,"X:70, V:30",,All Races,Both Sexes,Both,"24,707","29,546","31,999","29,172","21,502","22,727","27,918","38,674","39,753","33,325","29,913","26,842","25,471","26,887","25,059","21,000","12,775","8,960","476,230",42.86599962
12009a708a1375cfc,SULLIVANS IS,SC,3740 OCEAN BEACH BLVD,COCOA BEACH,32931,BREVARD,C15-000-031-9077-4,1742.0,462780.0,1996.0,CONDO STACKED,,2445.0,,,,211.2,258.0,,258.0,0.55,13.68,28.46383,-80.79177,120.0,True,C   ,"X:50, V:30, A:20",,All Races,Both Sexes,Both,"24,707","29,546","31,999","29,172","21,502","22,727","27,918","38,674","39,753","33,325","29,913","26,842","25,471","26,887","25,059","21,000","12,775","8,960","476,230",42.86599962
120099bb2bb249fcb,MC LEAN,VA,345 VENETIAN CT W,MERRITT ISLAND,32953,BREVARD,C15-000-029-1214-5,6534.0,41180.0,1976.0,SINGLE FAMILY,1.0,958.0,,,,3696.0,,,,1.27,6.66,28.46383,-80.79177,120.0,True,C   ,X:100,,All Races,Both Sexes,Both,"24,707","29,546","31,999","29,172","21,502","22,727","27,918","38,674","39,753","33,325","29,913","26,842","25,471","26,887","25,059","21,000","12,775","8,960","476,230",42.86599962
1200910d3abbe3502,ALEXANDRIA,VA,2011 ROCKLEDGE DR SFR,ROCKLEDGE,32955,BREVARD,C15-000-033-2782-2,45302.0,447700.0,1944.0,ATTACHED RESIDENTIAL,1.0,3970.0,,4,99.0,211.2,,,,1.59,13.11,28.46383,-80.79177,120.0,True,C   ,"X:90, X500:10",,All Races,Both Sexes,Both,"24,707","29,546","31,999","29,172","21,502","22,727","27,918","38,674","39,753","33,325","29,913","26,842","25,471","26,887","25,059","21,000","12,775","8,960","476,230",42.86599962
1200974ef8f7ffd64,MARSHALL,NC,3206 DADE CIR NE,PALM BAY,32905,BREVARD,C15-000-043-5404-9,9583.0,68840.0,1973.0,SINGLE FAMILY,1.0,1358.0,,,,739.2,744.0,,744.0,1.54,19.23,27.74864,-80.64644,120.0,True,C   ,X:100,,All Races,Both Sexes,Both,"24,707","29,546","31,999","29,172","21,502","22,727","27,918","38,674","39,753","33,325","29,913","26,842","25,471","26,887","25,059","21,000","12,775","8,960","476,230",42.86599962
120093a1b0e7fcc9f,ASHBURN,VA,3220 RIVER VILLA WAY,MELBOURNE BEACH,32951,BREVARD,C15-000-045-2217-3,436.0,285420.0,1985.0,CONDO STACKED,,2040.0,,9-Apr,,105.6,,,,1.12,20.4,27.74864,-80.64644,120.0,True,C   ,X:100,,All Races,Both Sexes,Both,"24,707","29,546","31,999","29,172","21,502","22,727","27,918","38,674","39,753","33,325","29,913","26,842","25,471","26,887","25,059","21,000","12,775","8,960","476,230",42.86599962
1200958eb343f7743,ALEXANDRIA,VA,123 COLUMBIA DR,CAPE CANAVERAL,32920,BREVARD,C15-001-086-9389-6,3920.0,80370.0,1982.0,ATTACHED RESIDENTIAL,,976.0,,,,1003.2,,,,0.34,12.23,28.46383,-80.79177,120.0,True,C   ,"X:80, X500:20",,All Races,Both Sexes,Both,"24,707","29,546","31,999","29,172","21,502","22,727","27,918","38,674","39,753","33,325","29,913","26,842","25,471","26,887","25,059","21,000","12,775","8,960","476,230",42.86599962
120096071f13aee82,WINTERVILLE,NC,1408 ATLANTIC ST,MELBOURNE BEACH,32951,BREVARD,C15-001-091-7709-7,1307.0,142750.0,1996.0,ATTACHED RESIDENTIAL,2.0,1787.0,,,,316.8,,,,0.59,22.47,27.74864,-80.64644,120.0,True,C   ,X:100,,All Races,Both Sexes,Both,"24,707","29,546","31,999","29,172","21,502","22,727","27,918","38,674","39,753","33,325","29,913","26,842","25,471","26,887","25,059","21,000","12,775","8,960","476,230",42.86599962
1200955f8574483f4,LEESBURG,VA,910 ORLANDO AVE S,COCOA BEACH,32931,BREVARD,C15-000-034-3754-8,11326.0,190680.0,1957.0,SINGLE FAMILY,,1426.0,,,,739.2,,,,1.09,15.72,28.46383,-80.79177,120.0,True,C   ,X:100,,All Races,Both Sexes,Both,"24,707","29,546","31,999","29,172","21,502","22,727","27,918","38,674","39,753","33,325","29,913","26,842","25,471","26,887","25,059","21,000","12,775","8,960","476,230",42.86599962
12009f4f5cf7d4a57,SUMMERFIELD,NC,3627 PENINSULA CIR,MELBOURNE,32940,BREVARD,C15-000-052-3641-9,9583.0,368800.0,2004.0,SINGLE FAMILY,2.0,4543.0,,,,-99.0,,,,2.09,19.6,28.46383,-80.79177,120.0,True,B   ,"X:90, A:10",,All Races,Both Sexes,Both,"24,707","29,546","31,999","29,172","21,502","22,727","27,918","38,674","39,753","33,325","29,913","26,842","25,471","26,887","25,059","21,000","12,775","8,960","476,230",42.86599962
12009b82234081063,APPOMATTOX,VA,904 POPLAR LN,MELBOURNE,32901,BREVARD,C15-000-042-6742-3,6534.0,31320.0,1970.0,SINGLE FAMILY,1.0,1332.0,,,,4329.6,620.0,,620.0,0.88,21.42,27.756390000000003,-80.685,120.0,True,B   ,X:100,,All Races,Both Sexes,Both,"24,707","29,546","31,999","29,172","21,502","22,727","27,918","38,674","39,753","33,325","29,913","26,842","25,471","26,887","25,059","21,000","12,775","8,960","476,230",42.86599962
12009b9f13dd0784f,SYLVA,NC,1510 ALBERT DR,MELBOURNE,32935,BREVARD,C15-000-038-9596-8,8276.0,104640.0,1962.0,SINGLE FAMILY,1.0,2190.0,,4,,-99.0,620.0,,620.0,0.84,24.24,28.46383,-80.79177,120.0,True,B   ,X:100,,All Races,Both Sexes,Both,"24,707","29,546","31,999","29,172","21,502","22,727","27,918","38,674","39,753","33,325","29,913","26,842","25,471","26,887","25,059","21,000","12,775","8,960","476,230",42.86599962
1200991b3e76eeb0f,BOILING SPRINGS,SC,352 CHANDLER ST,CAPE CANAVERAL,32920,BREVARD,C15-001-086-8585-0,3485.0,93120.0,1987.0,ATTACHED RESIDENTIAL,2.0,1360.0,,,,950.4,,,,0.59,12.71,28.46383,-80.79177,120.0,True,C   ,X500:100,,All Races,Both Sexes,Both,"24,707","29,546","31,999","29,172","21,502","22,727","27,918","38,674","39,753","33,325","29,913","26,842","25,471","26,887","25,059","21,000","12,775","8,960","476,230",42.86599962
120112bfc77a87376,STAFFORD,VA,12723 SW 49 CT,MIRAMAR,33027,BROWARD,C16-000-107-5040-4,2328.0,228680.0,2003.0,ATTACHED RESIDENTIAL,,1633.0,,3,3.0,-99.0,645.0,,645.0,2.37,5.11,25.98582,-80.23586,140.0,True,HVHZ,X:100,,All Races,Both Sexes,Both,"103,041","110,142","109,132","95,161","82,834","105,816","125,048","143,477","135,070","115,583","99,503","76,548","60,554","57,034","59,607","56,752","44,665","43,051","1,623,018",40.20641053
120113a35cc333fa2,CANTON,NC,4548 SW 34 TER,DANIA BEACH,33312,BROWARD,C16-000-101-4554-8,11375.0,302070.0,1958.0,SINGLE FAMILY,1.0,1706.0,,1,99.0,-99.0,288.0,,288.0,1.23,4.58,26.09441,-80.12455,140.0,True,HVHZ,"X500:80, A:20",,All Races,Both Sexes,Both,"103,041","110,142","109,132","95,161","82,834","105,816","125,048","143,477","135,070","115,583","99,503","76,548","60,554","57,034","59,607","56,752","44,665","43,051","1,623,018",40.20641053
12011843ab49896c9,HUNTERSVILLE,NC,3481 NW 1 ST,LAUDERHILL,33311,BROWARD,C16-000-098-4173-5,7572.0,122040.0,1954.0,SINGLE FAMILY,1.0,1176.0,,2,99.0,-99.0,551.0,,551.0,0.78,4.69,26.09441,-80.12455,140.0,True,HVHZ,X500:100,,All Races,Both Sexes,Both,"103,041","110,142","109,132","95,161","82,834","105,816","125,048","143,477","135,070","115,583","99,503","76,548","60,554","57,034","59,607","56,752","44,665","43,051","1,623,018",40.20641053
12011d2b7b64c88c1,LINCOLNTON,NC,6612 ARBOR DR,MIRAMAR,33023,BROWARD,C16-000-112-4860-6,6020.0,202770.0,1964.0,SINGLE FAMILY,1.0,1746.0,True,3,,-99.0,645.0,,27.0,0.23,1.21,25.98582,-80.23586,140.0,True,HVHZ,X500:100,,All Races,Both Sexes,Both,"103,041","110,142","109,132","95,161","82,834","105,816","125,048","143,477","135,070","115,583","99,503","76,548","60,554","57,034","59,607","56,752","44,665","43,051","1,623,018",40.20641053
120111187dd9bf9dd,GREAT FALLS,VA,2442 FLAMINGO LN,FORT LAUDERDALE,33312,BROWARD,C16-000-101-0727-4,7700.0,259580.0,1955.0,SINGLE FAMILY,,1552.0,,,,-99.0,371.0,,371.0,1.26,4.15,26.09441,-80.12455,140.0,True,HVHZ,"X:60, A:40",,All Races,Both Sexes,Both,"103,041","110,142","109,132","95,161","82,834","105,816","125,048","143,477","135,070","115,583","99,503","76,548","60,554","57,034","59,607","56,752","44,665","43,051","1,623,018",40.20641053
1201131f0c742dbd1,VALENTINES,VA,1940 NE 57 ST,FORT LAUDERDALE,33308,BROWARD,C16-000-081-7578-8,7500.0,363580.0,1976.0,SINGLE FAMILY,1.0,1856.0,True,3,,-99.0,371.0,,3.0,0.58,1.8,26.17407,-80.13249,140.0,True,HVHZ,X500:100,,All Races,Both Sexes,Both,"103,041","110,142","109,132","95,161","82,834","105,816","125,048","143,477","135,070","115,583","99,503","76,548","60,554","57,034","59,607","56,752","44,665","43,051","1,623,018",40.20641053
120117b64e972bb05,VIRGINIA BCH,VA,2200 NE 37 ST,LIGHTHOUSE POINT,33064,BROWARD,C16-000-067-5072-3,7873.0,206570.0,1968.0,SINGLE FAMILY,1.0,1362.0,,3,99.0,3748.8,,,,0.04,7.49,26.17407,-80.13249,140.0,True,HVHZ,X500:100,,All Races,Both Sexes,Both,"103,041","110,142","109,132","95,161","82,834","105,816","125,048","143,477","135,070","115,583","99,503","76,548","60,554","57,034","59,607","56,752","44,665","43,051","1,623,018",40.20641053
12011b862229402ff,RALEIGH,NC,15857 NW 4 CT,PEMBROKE PINES,33028,BROWARD,C16-000-105-6530-7,4735.0,354430.0,1998.0,SINGLE FAMILY,,2276.0,True,1,3.0,-99.0,770.0,,26.0,1.0,5.62,26.09113,-80.37451,140.0,True,HVHZ,X500:100,,All Races,Both Sexes,Both,"103,041","110,142","109,132","95,161","82,834","105,816","125,048","143,477","135,070","115,583","99,503","76,548","60,554","57,034","59,607","56,752","44,665","43,051","1,623,018",40.20641053
120117e1859058277,GREENSBORO,NC,1420 SW 104 AVE,PEMBROKE PINES,33025,BROWARD,C16-000-110-8951-3,7875.0,311180.0,1990.0,SINGLE FAMILY,1.0,2740.0,True,1,99.0,-99.0,770.0,,26.0,1.21,3.19,25.98582,-80.23586,140.0,True,HVHZ,X500:100,,All Races,Both Sexes,Both,"103,041","110,142","109,132","95,161","82,834","105,816","125,048","143,477","135,070","115,583","99,503","76,548","60,554","57,034","59,607","56,752","44,665","43,051","1,623,018",40.20641053
12011e017d77817e9,MOUNT GILEAD,NC,4840 SW 111 TER,DAVIE,33328,BROWARD,C16-000-096-6937-5,54142.0,585440.0,1981.0,SINGLE FAMILY,1.0,3327.0,True,5,99.0,-99.0,292.0,,24.0,1.21,5.37,26.09113,-80.37451,140.0,True,HVHZ,A:100,,All Races,Both Sexes,Both,"103,041","110,142","109,132","95,161","82,834","105,816","125,048","143,477","135,070","115,583","99,503","76,548","60,554","57,034","59,607","56,752","44,665","43,051","1,623,018",40.20641053
12011f1aae24a3c0f,MARS HILL,NC,3246 NW 32 TER,OAKLAND PARK,33309,BROWARD,C16-001-011-7839-0,1723.0,182170.0,2007.0,ATTACHED RESIDENTIAL,,1473.0,,3,3.0,-99.0,,,,1.06,3.2,26.17415,-80.13844,140.0,True,HVHZ,X500:100,,All Races,Both Sexes,Both,"103,041","110,142","109,132","95,161","82,834","105,816","125,048","143,477","135,070","115,583","99,503","76,548","60,554","57,034","59,607","56,752","44,665","43,051","1,623,018",40.20641053
1201105a287b6b07e,WOODBRIDGE,VA,9490 NW 21 MNR,SUNRISE,33322,BROWARD,C16-000-077-3295-1,8629.0,270230.0,1973.0,SINGLE FAMILY,1.0,2130.0,True,2,,-99.0,909.0,,21.0,1.2,7.36,26.09113,-80.37451,140.0,True,HVHZ,"X500:90, A:10",,All Races,Both Sexes,Both,"103,041","110,142","109,132","95,161","82,834","105,816","125,048","143,477","135,070","115,583","99,503","76,548","60,554","57,034","59,607","56,752","44,665","43,051","1,623,018",40.20641053
120111e7bf9ac6786,DANIEL ISLAND,SC,11709 SPINNAKER WAY,COOPER CITY,33026,BROWARD,C16-000-103-2481-2,12363.0,366340.0,1979.0,SINGLE FAMILY,1.0,2400.0,True,,,-99.0,265.0,,10.0,1.28,5.55,26.09113,-80.37451,140.0,True,HVHZ,X500:100,,All Races,Both Sexes,Both,"103,041","110,142","109,132","95,161","82,834","105,816","125,048","143,477","135,070","115,583","99,503","76,548","60,554","57,034","59,607","56,752","44,665","43,051","1,623,018",40.20641053
12011319382debfa4,CARY,NC,7451 NW 11 PL,PLANTATION,33313,BROWARD,C16-000-078-7717-8,10620.0,270980.0,1969.0,SINGLE FAMILY,1.0,1892.0,True,2,99.0,-99.0,789.0,,789.0,1.07,7.21,26.17361,-80.13833000000002,140.0,True,HVHZ,X500:100,,All Races,Both Sexes,Both,"103,041","110,142","109,132","95,161","82,834","105,816","125,048","143,477","135,070","115,583","99,503","76,548","60,554","57,034","59,607","56,752","44,665","43,051","1,623,018",40.20641053
120115f37fe03c0ec,RESTON,VA,1141 NE 27 AVE,POMPANO BEACH,33062,BROWARD,C16-000-068-3408-9,15875.0,590120.0,1978.0,SINGLE FAMILY,1.0,3756.0,,2,,1742.4,796.0,,796.0,0.47,5.43,26.17407,-80.13249,140.0,True,HVHZ,"X500:70, A:30",,All Races,Both Sexes,Both,"103,041","110,142","109,132","95,161","82,834","105,816","125,048","143,477","135,070","115,583","99,503","76,548","60,554","57,034","59,607","56,752","44,665","43,051","1,623,018",40.20641053
120116c8e0188b0af,ALEXANDRIA,VA,301 SW 22 ST,FORT LAUDERDALE,33315,BROWARD,C16-000-100-3031-0,6750.0,246940.0,1948.0,SINGLE FAMILY,,1762.0,,3,,-99.0,371.0,,371.0,0.45,1.27,26.09441,-80.12455,140.0,True,HVHZ,X500:100,,All Races,Both Sexes,Both,"103,041","110,142","109,132","95,161","82,834","105,816","125,048","143,477","135,070","115,583","99,503","76,548","60,554","57,034","59,607","56,752","44,665","43,051","1,623,018",40.20641053
12011083c0fed7116,CHARLOTTE,NC,36 SW 13 ST,DANIA BEACH,33004,BROWARD,C16-000-113-3535-3,8151.0,150160.0,1946.0,ATTACHED RESIDENTIAL,,1501.0,,1,,-99.0,288.0,,288.0,1.1,4.02,25.99,-80.18329,140.0,True,HVHZ,"X500:80, A:20",,All Races,Both Sexes,Both,"103,041","110,142","109,132","95,161","82,834","105,816","125,048","143,477","135,070","115,583","99,503","76,548","60,554","57,034","59,607","56,752","44,665","43,051","1,623,018",40.20641053
1201199c7a1a367f9,ASHBURN,VA,7330 NW 1 PL,PLANTATION,33317,BROWARD,C16-000-093-3926-8,5123.0,305050.0,1996.0,SINGLE FAMILY,,2237.0,,2,4.0,-99.0,789.0,,789.0,0.76,7.58,26.17361,-80.13833000000002,140.0,True,HVHZ,X500:100,,All Races,Both Sexes,Both,"103,041","110,142","109,132","95,161","82,834","105,816","125,048","143,477","135,070","115,583","99,503","76,548","60,554","57,034","59,607","56,752","44,665","43,051","1,623,018",40.20641053
120118f313ed237e2,FORT MILL,SC,3341 NW 22 CT,COCONUT CREEK,33066,BROWARD,C16-000-064-8547-8,4987.0,231300.0,1990.0,SINGLE FAMILY,1.0,1774.0,,4,,-99.0,,,,1.42,6.07,26.17415,-80.13844,140.0,True,HVHZ,X:100,,All Races,Both Sexes,Both,"103,041","110,142","109,132","95,161","82,834","105,816","125,048","143,477","135,070","115,583","99,503","76,548","60,554","57,034","59,607","56,752","44,665","43,051","1,623,018",40.20641053
1201111790ef5be07,GREENVILLE,SC,8171 SW 4 ST,NORTH LAUDERDALE,33068,BROWARD,C16-000-070-0171-2,5022.0,151500.0,1977.0,SINGLE FAMILY,1.0,1379.0,True,2,99.0,-99.0,,,29.0,0.8,7.17,26.17415,-80.13844,140.0,True,HVHZ,X500:100,,All Races,Both Sexes,Both,"103,041","110,142","109,132","95,161","82,834","105,816","125,048","143,477","135,070","115,583","99,503","76,548","60,554","57,034","59,607","56,752","44,665","43,051","1,623,018",40.20641053
12011fee1da42473a,NORFOLK,VA,2414 WILSON ST,HOLLYWOOD,33020,BROWARD,C16-000-114-8422-7,6711.0,150040.0,1953.0,SINGLE FAMILY,1.0,963.0,,,,-99.0,459.0,,459.0,0.95,3.05,25.99,-80.18329,140.0,True,HVHZ,A:100,,All Races,Both Sexes,Both,"103,041","110,142","109,132","95,161","82,834","105,816","125,048","143,477","135,070","115,583","99,503","76,548","60,554","57,034","59,607","56,752","44,665","43,051","1,623,018",40.20641053
12081776a04b281f4,RICHMOND,VA,6470 SEAGULL DR UNIT 307,BRADENTON,34210,MANATEE,C51-000-535-8660-8,44.0,135000.0,1980.0,CONDO STACKED,,1254.0,,3,,686.4,,,,0.96,1.93,27.41706,-82.56742,130.0,True,C   ,A:100,,All Races,Both Sexes,Both,"14,902","15,411","15,625","14,016","11,896","13,607","15,415","17,851","18,190","16,744","15,833","14,471","14,394","15,706","17,316","14,967","9,923","7,735","264,002",44.97340172
120815f26fedca384,PETERSBURG,VA,4802 W 51ST ST UNIT 1414,BRADENTON,34210,MANATEE,C51-000-541-3284-0,44.0,88850.0,2002.0,CONDO STACKED,,1048.0,,3,4.0,-99.0,,,,1.06,2.23,27.47917,-82.58833,130.0,True,B   ,X:100,,All Races,Both Sexes,Both,"14,902","15,411","15,625","14,016","11,896","13,607","15,415","17,851","18,190","16,744","15,833","14,471","14,394","15,706","17,316","14,967","9,923","7,735","264,002",44.97340172
120815a613b30ef36,MECHANICSVILLE,VA,4802 W 51ST ST UNIT 924,BRADENTON,34210,MANATEE,C51-000-541-3174-3,44.0,84700.0,2002.0,CONDO STACKED,,1008.0,,3,4.0,-99.0,,,,1.06,2.23,27.47917,-82.58833,130.0,True,B   ,X:100,,All Races,Both Sexes,Both,"14,902","15,411","15,625","14,016","11,896","13,607","15,415","17,851","18,190","16,744","15,833","14,471","14,394","15,706","17,316","14,967","9,923","7,735","264,002",44.97340172
1208113b29defde02,CATAWBA,VA,322 BUENA VISTA AVE,SARASOTA,34243,MANATEE,C51-000-536-8928-7,22200.0,156660.0,1925.0,SINGLE FAMILY,1.0,2067.0,,3,,2534.4,,,,0.19,0.4,27.41706,-82.56742,130.0,True,B   ,X:100,,All Races,Both Sexes,Both,"14,902","15,411","15,625","14,016","11,896","13,607","15,415","17,851","18,190","16,744","15,833","14,471","14,394","15,706","17,316","14,967","9,923","7,735","264,002",44.97340172
12081976ac6502ea4,MURPHY,NC,1016 W 40TH AVE,BRADENTON,34205,MANATEE,C51-000-532-2041-4,10350.0,68328.0,1959.0,SINGLE FAMILY,1.0,1284.0,,3,,-99.0,,,,0.25,0.59,27.45685,-82.56975,130.0,True,B   ,A:100,,All Races,Both Sexes,Both,"14,902","15,411","15,625","14,016","11,896","13,607","15,415","17,851","18,190","16,744","15,833","14,471","14,394","15,706","17,316","14,967","9,923","7,735","264,002",44.97340172
120818583e10a7723,ALEXANDRIA,VA,9909 DESOTO CT,BRADENTON,34210,MANATEE,C51-000-537-9567-0,44.0,73500.0,1969.0,CONDO ROW,1.0,890.0,,,,1584.0,,,94.0,0.23,4.61,27.47917,-82.58833,130.0,True,C   ,A:100,,All Races,Both Sexes,Both,"14,902","15,411","15,625","14,016","11,896","13,607","15,415","17,851","18,190","16,744","15,833","14,471","14,394","15,706","17,316","14,967","9,923","7,735","264,002",44.97340172
12081fffc965aec60,MC LEAN,VA,605 SUTTON PL UNIT 103,LONGBOAT KEY,34228,MANATEE,C51-000-538-7659-5,44.0,226750.0,1973.0,CONDO STACKED,1.0,992.0,,,,316.8,578.0,,578.0,1.6,4.84,27.41706,-82.56742,130.0,True,C   ,A:100,,All Races,Both Sexes,Both,"14,902","15,411","15,625","14,016","11,896","13,607","15,415","17,851","18,190","16,744","15,833","14,471","14,394","15,706","17,316","14,967","9,923","7,735","264,002",44.97340172
12081faab7479cc41,SPENCER,NC,1910 W 4TH ST,PALMETTO,34221,MANATEE,C51-000-529-8172-7,18414.0,74851.0,1890.0,SINGLE FAMILY,1.0,1948.0,,4,,264.0,,,,0.82,1.92,27.49722,-82.56416,130.0,True,B   ,A:100,,All Races,Both Sexes,Both,"14,902","15,411","15,625","14,016","11,896","13,607","15,415","17,851","18,190","16,744","15,833","14,471","14,394","15,706","17,316","14,967","9,923","7,735","264,002",44.97340172
120812eeef31b3609,LEXINGTON,SC,4655 LA JOLLA DR,BRADENTON,34210,MANATEE,C51-000-535-8143-5,44.0,200000.0,1980.0,CONDO ROW,,2299.0,,3,,3326.4,,,,1.41,2.72,27.41706,-82.56742,130.0,True,B   ,X:100,,All Races,Both Sexes,Both,"14,902","15,411","15,625","14,016","11,896","13,607","15,415","17,851","18,190","16,744","15,833","14,471","14,394","15,706","17,316","14,967","9,923","7,735","264,002",44.97340172
12103fabafeea9fb7,ARLINGTON,VA,1012 NORTH SHORE DR NE # 12,SAINT PETERSBURG,33701,PINELLAS,C62-000-778-7949-2,,87660.0,1959.0,CONDO STACKED,1.0,445.0,,,,739.2,855.0,,855.0,1.08,1.0,27.77333,-82.64,123.0,True,C   ,"X500:40, A:30, X:30",,All Races,Both Sexes,Both,"45,354","50,785","51,675","47,384","41,432","50,604","57,874","70,836","72,649","66,793","62,424","51,089","45,031","46,762","49,775","46,312","33,759","30,957","921,495",44.73887758
1210339f620444e18,ARLINGTON,VA,634 EDGEWATER DR # 142,DUNEDIN,34698,PINELLAS,C62-000-743-2905-3,,298880.0,1974.0,CONDO STACKED,1.0,1670.0,,2,99.0,105.6,,,316.0,1.38,0.19,28.00861,-82.79111,123.0,True,C   ,A:100,,All Races,Both Sexes,Both,"45,354","50,785","51,675","47,384","41,432","50,604","57,874","70,836","72,649","66,793","62,424","51,089","45,031","46,762","49,775","46,312","33,759","30,957","921,495",44.73887758
12103775b5d8e05f3,PETERSBURG,VA,576 BAYWOOD DR S,DUNEDIN,34698,PINELLAS,C62-000-742-1078-2,7200.0,141668.0,1955.0,SINGLE FAMILY,1.0,1212.0,,2,,897.6,,,316.0,0.77,1.14,28.03237,-82.77399,123.0,True,C   ,A:100,,All Races,Both Sexes,Both,"45,354","50,785","51,675","47,384","41,432","50,604","57,874","70,836","72,649","66,793","62,424","51,089","45,031","46,762","49,775","46,312","33,759","30,957","921,495",44.73887758
12103a0c1d9b677e5,OTTO,NC,1836 AUDREY DR,CLEARWATER,33759,PINELLAS,C62-000-762-5279-0,7771.0,161169.0,1957.0,SINGLE FAMILY,1.0,1270.0,,2,99.0,-99.0,,,,1.28,0.73,27.97858,-82.72171,123.0,True,B   ,X:100,,All Races,Both Sexes,Both,"45,354","50,785","51,675","47,384","41,432","50,604","57,874","70,836","72,649","66,793","62,424","51,089","45,031","46,762","49,775","46,312","33,759","30,957","921,495",44.73887758
12103a408f5d3498f,GREENVILLE,SC,13259 MADISON AVE,LARGO,33773,PINELLAS,C62-000-750-1926-5,7035.0,177505.0,1982.0,SINGLE FAMILY,1.0,2079.0,,2,3.0,2270.4,,,,1.67,2.86,27.86436,-82.80731,123.0,True,B   ,X500:100,,All Races,Both Sexes,Both,"45,354","50,785","51,675","47,384","41,432","50,604","57,874","70,836","72,649","66,793","62,424","51,089","45,031","46,762","49,775","46,312","33,759","30,957","921,495",44.73887758
121038258a570320d,ELIZABETH CITY,NC,2409 HAWK AVE,PALM HARBOR,34683,PINELLAS,C62-000-757-4581-0,8790.0,218245.0,1980.0,SINGLE FAMILY,1.0,2205.0,,,,-99.0,,,60.0,0.21,0.82,28.10139,-82.73528,123.0,True,B   ,X:100,,All Races,Both Sexes,Both,"45,354","50,785","51,675","47,384","41,432","50,604","57,874","70,836","72,649","66,793","62,424","51,089","45,031","46,762","49,775","46,312","33,759","30,957","921,495",44.73887758
12103e211cdef562e,BLUFFTON,SC,12300 VONN RD # 8205,LARGO,33774,PINELLAS,C62-000-749-7837-0,,68260.0,1974.0,CONDO STACKED,1.0,1045.0,,2,99.0,-99.0,553.0,,553.0,0.99,0.53,27.87722,-82.81806,123.0,True,B   ,X:100,,All Races,Both Sexes,Both,"45,354","50,785","51,675","47,384","41,432","50,604","57,874","70,836","72,649","66,793","62,424","51,089","45,031","46,762","49,775","46,312","33,759","30,957","921,495",44.73887758
121032bd17ed96930,KINGSTREE,SC,1028 N MADISON AVE,CLEARWATER,33755,PINELLAS,C62-000-744-9658-9,6804.0,42779.0,1925.0,SINGLE FAMILY,1.0,1245.0,,1,,3432.0,251.0,,251.0,0.54,1.64,28.00021,-82.78994,123.0,True,B   ,X:100,,All Races,Both Sexes,Both,"45,354","50,785","51,675","47,384","41,432","50,604","57,874","70,836","72,649","66,793","62,424","51,089","45,031","46,762","49,775","46,312","33,759","30,957","921,495",44.73887758
1210344f46858f024,DULLES,VA,3000 RED OAK CT # 204,PALM HARBOR,34684,PINELLAS,C62-000-759-7757-9,,173283.0,1987.0,CONDO STACKED,1.0,1790.0,,,,-99.0,,,60.0,1.37,1.32,28.056140000000006,-82.73464,123.0,True,B   ,X:100,,All Races,Both Sexes,Both,"45,354","50,785","51,675","47,384","41,432","50,604","57,874","70,836","72,649","66,793","62,424","51,089","45,031","46,762","49,775","46,312","33,759","30,957","921,495",44.73887758
1210370397a2b6df3,CHARLOTTE,NC,7058 AUGUSTA BLVD,SEMINOLE,33777,PINELLAS,C62-000-752-3306-4,10001.0,260988.0,1969.0,SINGLE FAMILY,1.0,2568.0,,3,,1795.2,,,875.0,1.22,1.06,27.85056,-82.76916999999997,123.0,True,B   ,A:100,,All Races,Both Sexes,Both,"45,354","50,785","51,675","47,384","41,432","50,604","57,874","70,836","72,649","66,793","62,424","51,089","45,031","46,762","49,775","46,312","33,759","30,957","921,495",44.73887758
12103fd65fc1ef5f4,RESTON,VA,408 MARYLAND AVE,CRYSTAL BEACH,34683,PINELLAS,C62-000-740-9784-1,8843.0,268577.0,1988.0,SINGLE FAMILY,2.0,1789.0,True,,,1267.2,,,,0.54,0.31,28.09037,-82.77294,123.0,True,C   ,"X500:80, A:20",,All Races,Both Sexes,Both,"45,354","50,785","51,675","47,384","41,432","50,604","57,874","70,836","72,649","66,793","62,424","51,089","45,031","46,762","49,775","46,312","33,759","30,957","921,495",44.73887758
121035655ef09e713,FORT MILL,SC,8220 28TH AVE N,ST PETERSBURG,33710,PINELLAS,C62-000-755-1653-4,7623.0,187753.0,1959.0,SINGLE FAMILY,1.0,1944.0,,1,,686.4,855.0,,855.0,1.82,0.93,27.788970000000006,-82.74264000000002,123.0,True,C   ,X500:100,,All Races,Both Sexes,Both,"45,354","50,785","51,675","47,384","41,432","50,604","57,874","70,836","72,649","66,793","62,424","51,089","45,031","46,762","49,775","46,312","33,759","30,957","921,495",44.73887758
1210315e4e5ed952f,CHARLOTTE,NC,8000 36TH AVE N,ST PETERSBURG,33710,PINELLAS,C62-000-755-1425-7,6726.0,140958.0,1956.0,SINGLE FAMILY,1.0,1113.0,,1,,2323.2,855.0,,855.0,1.32,1.14,27.788970000000006,-82.74264000000002,123.0,True,B   ,X:100,,All Races,Both Sexes,Both,"45,354","50,785","51,675","47,384","41,432","50,604","57,874","70,836","72,649","66,793","62,424","51,089","45,031","46,762","49,775","46,312","33,759","30,957","921,495",44.73887758
1210385076183c867,CHARLOTTE,NC,14740 SHIPWATCH TRCE # 1947,LARGO,33774,PINELLAS,C62-000-751-1222-7,,178754.0,1994.0,CONDO STACKED,1.0,1340.0,,,,1742.4,,,,0.49,0.99,27.888890000000004,-82.8325,123.0,True,B   ,X:100,,All Races,Both Sexes,Both,"45,354","50,785","51,675","47,384","41,432","50,604","57,874","70,836","72,649","66,793","62,424","51,089","45,031","46,762","49,775","46,312","33,759","30,957","921,495",44.73887758
12103eb5f8a7fa124,FREDERICKSBURG,VA,1093 PEPPERIDGE DR,PALM HARBOR,34683,PINELLAS,C62-000-741-5541-7,8072.0,194195.0,1983.0,SINGLE FAMILY,1.0,1535.0,,,,3907.2,,,60.0,0.72,0.32,28.06632,-82.7612,123.0,True,B   ,X:100,,All Races,Both Sexes,Both,"45,354","50,785","51,675","47,384","41,432","50,604","57,874","70,836","72,649","66,793","62,424","51,089","45,031","46,762","49,775","46,312","33,759","30,957","921,495",44.73887758
1210312813e7a2eb7,FLORENCE,SC,5838 25TH AVE S,GULFPORT,33707,PINELLAS,C62-000-774-1550-3,7288.0,169146.0,1952.0,SINGLE FAMILY,1.0,1473.0,,2,99.0,2956.8,427.0,,427.0,0.47,2.22,27.73378,-82.67929000000002,123.0,True,C   ,A:100,,All Races,Both Sexes,Both,"45,354","50,785","51,675","47,384","41,432","50,604","57,874","70,836","72,649","66,793","62,424","51,089","45,031","46,762","49,775","46,312","33,759","30,957","921,495",44.73887758
12103787ce7d5a075,GREENVILLE,SC,8233 125TH CIR,LARGO,33773,PINELLAS,C62-000-750-2600-5,11443.0,239336.0,1985.0,SINGLE FAMILY,1.0,1716.0,,3,,-99.0,,,,0.77,2.48,27.90875,-82.72106,123.0,True,B   ,X:100,,All Races,Both Sexes,Both,"45,354","50,785","51,675","47,384","41,432","50,604","57,874","70,836","72,649","66,793","62,424","51,089","45,031","46,762","49,775","46,312","33,759","30,957","921,495",44.73887758
121035ade9e49c49d,SOJTH RIDING,VA,508 ULELAH AVE,PALM HARBOR,34683,PINELLAS,C62-000-741-0318-5,8912.0,136375.0,1960.0,SINGLE FAMILY,1.0,1698.0,,,,1531.2,,,60.0,0.04,0.13,28.09579,-82.77277,123.0,True,C   ,X:100,,All Races,Both Sexes,Both,"45,354","50,785","51,675","47,384","41,432","50,604","57,874","70,836","72,649","66,793","62,424","51,089","45,031","46,762","49,775","46,312","33,759","30,957","921,495",44.73887758
12103d0223ab0908c,ASHEVILLE,NC,2117 BARCELONA DR,CLEARWATER,33764,PINELLAS,C62-000-746-8631-2,7418.0,82384.0,1957.0,SINGLE FAMILY,1.0,1050.0,,2,99.0,-99.0,,,,1.7,1.33,27.95375,-82.76822,123.0,True,B   ,X:100,,All Races,Both Sexes,Both,"45,354","50,785","51,675","47,384","41,432","50,604","57,874","70,836","72,649","66,793","62,424","51,089","45,031","46,762","49,775","46,312","33,759","30,957","921,495",44.73887758
121032cce97aca741,GREENVILLE,SC,3200 81ST ST N,ST PETERSBURG,33710,PINELLAS,C62-000-755-1321-8,6299.0,168430.0,1976.0,SINGLE FAMILY,2.0,1743.0,,1,,1372.8,855.0,,855.0,1.59,1.05,27.788970000000006,-82.74264000000002,123.0,True,C   ,X:100,,All Races,Both Sexes,Both,"45,354","50,785","51,675","47,384","41,432","50,604","57,874","70,836","72,649","66,793","62,424","51,089","45,031","46,762","49,775","46,312","33,759","30,957","921,495",44.73887758
1210345feee401abf,SPRINGFIELD,VA,2200 GLADYS ST # 2103,LARGO,33774,PINELLAS,C62-000-960-2021-9,,48140.0,1975.0,CONDO STACKED,1.0,885.0,,2,,3379.2,553.0,,553.0,0.74,0.78,27.88746,-82.83006,123.0,True,B   ,X:100,,All Races,Both Sexes,Both,"45,354","50,785","51,675","47,384","41,432","50,604","57,874","70,836","72,649","66,793","62,424","51,089","45,031","46,762","49,775","46,312","33,759","30,957","921,495",44.73887758
1210357a33451662d,GREENSBORO,NC,1871 MCCAULEY RD,CLEARWATER,33765,PINELLAS,C62-000-762-6374-8,60143.0,618435.0,1984.0,SINGLE FAMILY,1.0,4963.0,,2,,-99.0,,,,0.83,0.94,27.98998,-82.75065,123.0,True,B   ,X:100,,All Races,Both Sexes,Both,"45,354","50,785","51,675","47,384","41,432","50,604","57,874","70,836","72,649","66,793","62,424","51,089","45,031","46,762","49,775","46,312","33,759","30,957","921,495",44.73887758
121039c34e44685a4,CHARLOTTE,NC,8755 QUAIL RD,SEMINOLE,33777,PINELLAS,C62-000-752-1683-8,8459.0,129071.0,1958.0,SINGLE FAMILY,1.0,1370.0,,3,,-99.0,,,,0.18,0.54,27.85056,-82.76916999999997,123.0,True,B   ,X:100,,All Races,Both Sexes,Both,"45,354","50,785","51,675","47,384","41,432","50,604","57,874","70,836","72,649","66,793","62,424","51,089","45,031","46,762","49,775","46,312","33,759","30,957","921,495",44.73887758
12103383e1cfb70d1,PEACHLAND,NC,4228 13TH AVE N,ST PETERSBURG,33713,PINELLAS,C62-000-771-0397-6,9135.0,228401.0,1997.0,SINGLE FAMILY,1.0,2166.0,,1,3.0,-99.0,855.0,,855.0,0.56,1.44,27.7925,-82.66917,123.0,True,B   ,X:100,,All Races,Both Sexes,Both,"45,354","50,785","51,675","47,384","41,432","50,604","57,874","70,836","72,649","66,793","62,424","51,089","45,031","46,762","49,775","46,312","33,759","30,957","921,495",44.73887758
120213b0f5f17e3d1,ROCK HILL,SC,5550 HERON POINT DR,NAPLES,34108,COLLIER,C21-000-189-4508-9,,663090.0,1991.0,CONDO STACKED,,1263.0,,,,528.0,,,50.0,1.37,11.43,26.27444,-81.63916,131.0,True,C   ,A:100,,All Races,Both Sexes,Both,"13,441","14,444","13,677","13,382","11,708","13,361","14,901","17,181","16,277","14,755","14,760","15,518","16,459","17,755","17,333","13,298","7,762","5,365","251,377",45.13588355
12021c1316cf0eb00,RALEIGH,NC,4556 POND APPLE DR N,NAPLES,34119,COLLIER,C21-000-188-6756-4,33050.0,746751.0,1988.0,SINGLE FAMILY,,4524.0,,,,-99.0,,,50.0,2.04,5.92,26.27444,-81.63916,128.0,True,B   ,"A:50, X:40, X500:10",,All Races,Both Sexes,Both,"13,441","14,444","13,677","13,382","11,708","13,361","14,901","17,181","16,277","14,755","14,760","15,518","16,459","17,755","17,333","13,298","7,762","5,365","251,377",45.13588355
1202101140589747a,WOODBRIDGE,VA,504 BROAD AVE S,NAPLES,34102,COLLIER,C21-000-173-2615-8,,279900.0,1973.0,CONDO STACKED,,890.0,,2,,1161.6,666.0,,666.0,0.45,13.89,26.27444,-81.63916,133.0,True,B   ,A:100,,All Races,Both Sexes,Both,"13,441","14,444","13,677","13,382","11,708","13,361","14,901","17,181","16,277","14,755","14,760","15,518","16,459","17,755","17,333","13,298","7,762","5,365","251,377",45.13588355
120218229b10232df,DULLES,VA,540 99TH AVE N,NAPLES,34108,COLLIER,C21-000-187-2024-3,6750.0,310459.0,1983.0,SINGLE FAMILY,,1738.0,,3,,633.6,,,50.0,0.97,10.97,26.27444,-81.63916,130.0,True,B   ,A:100,,All Races,Both Sexes,Both,"13,441","14,444","13,677","13,382","11,708","13,361","14,901","17,181","16,277","14,755","14,760","15,518","16,459","17,755","17,333","13,298","7,762","5,365","251,377",45.13588355
12021c7fbb6c8ba3e,HAYMARKET,VA,511 109TH AVE N,NAPLES,34108,COLLIER,C21-000-187-2450-0,6750.0,370083.0,1992.0,SINGLE FAMILY,,1826.0,,3,,316.8,,,50.0,1.58,11.02,26.27444,-81.63916,130.0,True,B   ,"X500:90, A:10",,All Races,Both Sexes,Both,"13,441","14,444","13,677","13,382","11,708","13,361","14,901","17,181","16,277","14,755","14,760","15,518","16,459","17,755","17,333","13,298","7,762","5,365","251,377",45.13588355
12021ebff7fcdc913,DAVIDSON,NC,180 TURTLE LAKE CT,NAPLES,34105,COLLIER,C21-000-190-8751-9,,117354.0,1978.0,CONDO STACKED,,842.0,,,,-99.0,,,50.0,0.77,9.82,26.27444,-81.63916,131.0,True,B   ,"X500:60, A:40",,All Races,Both Sexes,Both,"13,441","14,444","13,677","13,382","11,708","13,361","14,901","17,181","16,277","14,755","14,760","15,518","16,459","17,755","17,333","13,298","7,762","5,365","251,377",45.13588355
12021474dacf7152b,WAYNESBORO,VA,1012 COLLIER BLVD S,NAPLES,34145,COLLIER,C21-000-190-4542-6,,294000.0,1980.0,CONDO STACKED,,1200.0,,,,211.2,,,,2.0,25.74,26.27444,-81.63916,136.0,True,C   ,"V:70, A:30",,All Races,Both Sexes,Both,"13,441","14,444","13,677","13,382","11,708","13,361","14,901","17,181","16,277","14,755","14,760","15,518","16,459","17,755","17,333","13,298","7,762","5,365","251,377",45.13588355
120211a0b0fc003fc,ARLINGTON,VA,590 CLUB MARCO CIR,NAPLES,34145,COLLIER,C21-000-176-0701-1,,375402.0,1996.0,CONDO STACKED,,1406.0,,,,580.8,604.0,,604.0,1.12,24.83,26.27444,-81.63916,136.0,True,C   ,A:100,,All Races,Both Sexes,Both,"13,441","14,444","13,677","13,382","11,708","13,361","14,901","17,181","16,277","14,755","14,760","15,518","16,459","17,755","17,333","13,298","7,762","5,365","251,377",45.13588355
12021f5e4c0b72cb2,CORNELIUS,NC,14892 STERLING OAKS DR,NAPLES,34110,COLLIER,C21-000-190-2696-2,4483.0,222009.0,1995.0,SINGLE FAMILY,,1590.0,,3,,-99.0,,,50.0,1.48,10.17,26.27444,-81.63916,129.0,True,B   ,"X:70, A:20, X500:10",,All Races,Both Sexes,Both,"13,441","14,444","13,677","13,382","11,708","13,361","14,901","17,181","16,277","14,755","14,760","15,518","16,459","17,755","17,333","13,298","7,762","5,365","251,377",45.13588355
12021ac5523f9f1c8,TRIANGLE,VA,1741 BOXWOOD LN,NAPLES,34105,COLLIER,C21-000-177-6289-9,8321.0,265392.0,1996.0,SINGLE FAMILY,,1565.0,,,,-99.0,,,50.0,0.47,9.88,26.27444,-81.63916,131.0,True,B   ,"X500:90, X:10",,All Races,Both Sexes,Both,"13,441","14,444","13,677","13,382","11,708","13,361","14,901","17,181","16,277","14,755","14,760","15,518","16,459","17,755","17,333","13,298","7,762","5,365","251,377",45.13588355
1202177d767688170,RALEIGH,NC,1041 WINTERBERRY DR,MARCO ISLAND,34145,COLLIER,C21-000-185-8742-8,9900.0,860090.0,2000.0,SINGLE FAMILY,,3228.0,,4,,52.8,604.0,,604.0,1.19,24.92,26.27444,-81.63916,136.0,True,C   ,A:100,,All Races,Both Sexes,Both,"13,441","14,444","13,677","13,382","11,708","13,361","14,901","17,181","16,277","14,755","14,760","15,518","16,459","17,755","17,333","13,298","7,762","5,365","251,377",45.13588355
120218bcc92bac826,SALISBURY,NC,469 WATERLEAF CT,MARCO ISLAND,34145,COLLIER,C21-000-185-6548-1,10698.0,738202.0,2000.0,SINGLE FAMILY,,2750.0,,4,,52.8,604.0,,604.0,0.63,23.16,26.27444,-81.63916,136.0,True,C   ,A:100,,All Races,Both Sexes,Both,"13,441","14,444","13,677","13,382","11,708","13,361","14,901","17,181","16,277","14,755","14,760","15,518","16,459","17,755","17,333","13,298","7,762","5,365","251,377",45.13588355
12021abba04ea966c,ARLINGTON,VA,1036 GOLDENROD AVE,MARCO ISLAND,34145,COLLIER,C21-000-185-6535-8,8800.0,656181.0,2002.0,SINGLE FAMILY,,5450.0,,,,7.14,604.0,,604.0,0.69,23.21,26.27444,-81.63916,136.0,True,C   ,A:100,,All Races,Both Sexes,Both,"13,441","14,444","13,677","13,382","11,708","13,361","14,901","17,181","16,277","14,755","14,760","15,518","16,459","17,755","17,333","13,298","7,762","5,365","251,377",45.13588355
12021a7ae167c6f59,GREENVILLE,SC,156 SHORECREST CT,MARCO ISLAND,34145,COLLIER,C21-000-185-4401-5,8800.0,596890.0,1995.0,SINGLE FAMILY,,2551.0,,,,52.8,604.0,,604.0,0.74,23.44,26.27444,-81.63916,135.0,True,C   ,A:100,,All Races,Both Sexes,Both,"13,441","14,444","13,677","13,382","11,708","13,361","14,901","17,181","16,277","14,755","14,760","15,518","16,459","17,755","17,333","13,298","7,762","5,365","251,377",45.13588355
120213a1973790995,LAKE LURE,NC,211 3RD ST,NAPLES,34134,COLLIER,C21-000-185-0468-8,9000.0,411702.0,1957.0,SINGLE FAMILY,,1565.0,,3,,52.8,,,50.0,0.62,12.24,26.27444,-81.63916,129.0,True,B   ,A:100,,All Races,Both Sexes,Both,"13,441","14,444","13,677","13,382","11,708","13,361","14,901","17,181","16,277","14,755","14,760","15,518","16,459","17,755","17,333","13,298","7,762","5,365","251,377",45.13588355
12021d3a6214c3bf4,VIENNA,VA,507 99TH AVE N,NAPLES,34108,COLLIER,C21-000-187-2034-2,8186.0,461408.0,1983.0,SINGLE FAMILY,,2390.0,,3,,158.4,,,50.0,1.06,11.06,26.27444,-81.63916,130.0,True,B   ,A:100,,All Races,Both Sexes,Both,"13,441","14,444","13,677","13,382","11,708","13,361","14,901","17,181","16,277","14,755","14,760","15,518","16,459","17,755","17,333","13,298","7,762","5,365","251,377",45.13588355
1202170e9a8d9fdeb,ALEXANDRIA,VA,1279 BLUEBIRD AVE,MARCO ISLAND,34145,COLLIER,C21-000-185-3120-2,8924.0,267447.0,1976.0,SINGLE FAMILY,,1615.0,,,,633.6,604.0,,604.0,0.48,22.57,26.27444,-81.63916,135.0,True,C   ,A:100,,All Races,Both Sexes,Both,"13,441","14,444","13,677","13,382","11,708","13,361","14,901","17,181","16,277","14,755","14,760","15,518","16,459","17,755","17,333","13,298","7,762","5,365","251,377",45.13588355
120218baaa1d07493,ROANOKE,VA,589 TRIPOLI CT,MARCO ISLAND,34145,COLLIER,C21-000-185-2876-0,15147.0,1233088.0,2008.0,SINGLE FAMILY,,4293.0,,,,105.6,604.0,,604.0,0.79,22.68,26.27444,-81.63916,135.0,True,C   ,A:100,,All Races,Both Sexes,Both,"13,441","14,444","13,677","13,382","11,708","13,361","14,901","17,181","16,277","14,755","14,760","15,518","16,459","17,755","17,333","13,298","7,762","5,365","251,377",45.13588355
12021a646bb4fbc9b,FALLS CHURCH,VA,630 TIGERTAIL CT,MARCO ISLAND,34145,COLLIER,C21-000-185-9333-5,11000.0,898356.0,1994.0,SINGLE FAMILY,,2905.0,,4,,22.62,604.0,,604.0,0.8,22.93,26.27444,-81.63916,136.0,True,C   ,A:100,,All Races,Both Sexes,Both,"13,441","14,444","13,677","13,382","11,708","13,361","14,901","17,181","16,277","14,755","14,760","15,518","16,459","17,755","17,333","13,298","7,762","5,365","251,377",45.13588355
120216069bc352148,ZION CROSSROADS,VA,4872 SAN PABLO CT,NAPLES,34109,COLLIER,C21-000-191-3229-9,7329.0,367387.0,1998.0,SINGLE FAMILY,,2354.0,,,,-99.0,,,50.0,2.17,6.55,26.27444,-81.63916,129.0,True,B   ,X:100,,All Races,Both Sexes,Both,"13,441","14,444","13,677","13,382","11,708","13,361","14,901","17,181","16,277","14,755","14,760","15,518","16,459","17,755","17,333","13,298","7,762","5,365","251,377",45.13588355
120867fa35be667f2,CHARLOTTE,NC,813 NW 6 AVE,FLORIDA CITY,33034,MIAMI-DADE,C23-000-224-3994-7,6400.0,62414.0,1967.0,SINGLE FAMILY,,917.0,,4,99.0,-99.0,,,,1.05,39.68,25.98582,-80.23586,146.0,True,HVHZ,X500:100,,All Races,Both Sexes,Both,"145,782","157,901","160,785","155,018","144,745","163,895","173,614","191,874","170,172","150,911","131,910","109,155","97,427","84,506","77,771","59,864","39,974","38,475","2,253,779",38.35229674
12086fd2d35f03209,WINSTON SALEM,NC,2271 SW 19 TER,MIAMI,33145,MIAMI-DADE,C23-000-204-0384-6,6552.0,294724.0,1939.0,SINGLE FAMILY,,1391.0,,1,,-99.0,626.0,,626.0,0.15,14.99,25.96256,-80.16641,146.0,True,HVHZ,X:100,,All Races,Both Sexes,Both,"145,782","157,901","160,785","155,018","144,745","163,895","173,614","191,874","170,172","150,911","131,910","109,155","97,427","84,506","77,771","59,864","39,974","38,475","2,253,779",38.35229674
120861fb31146f184,CHARLOTTE,NC,9721 SW 120 ST,MIAMI,33176,MIAMI-DADE,C23-000-255-9499-5,16560.0,396226.0,1973.0,SINGLE FAMILY,,2253.0,,4,,-99.0,,,,2.1,23.73,25.98582,-80.23586,146.0,True,HVHZ,A:100,,All Races,Both Sexes,Both,"145,782","157,901","160,785","155,018","144,745","163,895","173,614","191,874","170,172","150,911","131,910","109,155","97,427","84,506","77,771","59,864","39,974","38,475","2,253,779",38.35229674
1208647e95a9e8a66,PINEHURST,NC,5731 TWIN LAKE DR,SOUTH MIAMI,33143,MIAMI-DADE,C23-000-221-8098-8,11990.0,459615.0,1956.0,SINGLE FAMILY,,2708.0,,4,99.0,-99.0,894.0,,,0.98,18.84,25.96256,-80.16641,146.0,True,HVHZ,A:100,,All Races,Both Sexes,Both,"145,782","157,901","160,785","155,018","144,745","163,895","173,614","191,874","170,172","150,911","131,910","109,155","97,427","84,506","77,771","59,864","39,974","38,475","2,253,779",38.35229674
12086ca831e81bc92,ARLINGTON,VA,628 NAVARRE AVE,CORAL GABLES,33134,MIAMI-DADE,C23-000-211-4381-3,5650.0,459202.0,1924.0,SINGLE FAMILY,,1517.0,,1,,-99.0,268.0,,268.0,0.73,15.76,25.96256,-80.16641,146.0,True,HVHZ,X:100,,All Races,Both Sexes,Both,"145,782","157,901","160,785","155,018","144,745","163,895","173,614","191,874","170,172","150,911","131,910","109,155","97,427","84,506","77,771","59,864","39,974","38,475","2,253,779",38.35229674
12086421bbbd71521,WOODBRIDGE,VA,12850 SW 147 LANE RD,MIAMI,33186,MIAMI-DADE,C23-000-262-3501-0,7500.0,276928.0,1981.0,SINGLE FAMILY,,2267.0,,,,-99.0,,,,0.58,26.69,25.98582,-80.23586,146.0,True,HVHZ,X:100,,All Races,Both Sexes,Both,"145,782","157,901","160,785","155,018","144,745","163,895","173,614","191,874","170,172","150,911","131,910","109,155","97,427","84,506","77,771","59,864","39,974","38,475","2,253,779",38.35229674
1208602cc6b3c0a51,LEESBURG,VA,19370 WHISPERING PINES RD,CUTLER BAY,33157,MIAMI-DADE,C23-000-284-7242-1,8250.0,208723.0,1960.0,SINGLE FAMILY,,1800.0,,4,,-99.0,,,,1.15,28.12,25.96256,-80.16641,146.0,True,HVHZ,X:100,,All Races,Both Sexes,Both,"145,782","157,901","160,785","155,018","144,745","163,895","173,614","191,874","170,172","150,911","131,910","109,155","97,427","84,506","77,771","59,864","39,974","38,475","2,253,779",38.35229674
120864c2c82518871,ASHVILLE,NC,4280 NW 23 AVE,MIAMI,33142,MIAMI-DADE,C23-000-241-7634-9,7150.0,99757.0,1972.0,SINGLE FAMILY,,1294.0,,4,99.0,-99.0,,,,0.9,11.07,25.96256,-80.16641,146.0,True,HVHZ,X:100,,All Races,Both Sexes,Both,"145,782","157,901","160,785","155,018","144,745","163,895","173,614","191,874","170,172","150,911","131,910","109,155","97,427","84,506","77,771","59,864","39,974","38,475","2,253,779",38.35229674
12086b3b335283525,SPRINGFIELD,VA,20425 SW 93 AVE,CUTLER BAY,33189,MIAMI-DADE,C23-000-285-3062-4,9668.0,203651.0,2004.0,SINGLE FAMILY,,1541.0,,4,,-99.0,,,,1.09,28.79,25.96256,-80.16641,146.0,True,HVHZ,X:100,,All Races,Both Sexes,Both,"145,782","157,901","160,785","155,018","144,745","163,895","173,614","191,874","170,172","150,911","131,910","109,155","97,427","84,506","77,771","59,864","39,974","38,475","2,253,779",38.35229674
12086e1ddd12521cd,BLUFFTON,SC,5765 NW 99 CT,DORAL,33178,MIAMI-DADE,C23-000-278-7237-3,3473.0,329160.0,1993.0,SINGLE FAMILY,,1957.0,,4,99.0,-99.0,,,,0.27,13.46,25.98582,-80.23586,146.0,True,HVHZ,X:100,,All Races,Both Sexes,Both,"145,782","157,901","160,785","155,018","144,745","163,895","173,614","191,874","170,172","150,911","131,910","109,155","97,427","84,506","77,771","59,864","39,974","38,475","2,253,779",38.35229674
120861813f1294d56,RICHMOND,VA,7805 NOREMAC AVE,MIAMI BEACH,33141,MIAMI-DADE,C23-000-207-1780-7,9000.0,924061.0,1941.0,SINGLE FAMILY,,3056.0,,1,,1214.4,627.0,,627.0,0.71,7.25,25.96256,-80.16641,146.0,True,HVHZ,A:100,,All Races,Both Sexes,Both,"145,782","157,901","160,785","155,018","144,745","163,895","173,614","191,874","170,172","150,911","131,910","109,155","97,427","84,506","77,771","59,864","39,974","38,475","2,253,779",38.35229674
120999260a6f531c7,CHARLOTTE,NC,4222 BELLEWOOD ST,PALM BEACH GARDENS,33410,PALM BEACH,C60-000-699-2904-0,6984.0,152459.0,1962.0,SINGLE FAMILY,,1530.0,,3,,-99.0,746.0,,746.0,0.91,2.62,26.83898,-80.13258,140.0,True,B   ,X:100,,All Races,Both Sexes,Both,"62,913","68,647","70,155","61,738","51,319","60,563","72,457","86,512","85,509","74,361","66,690","56,852","51,392","56,843","65,890","61,038","43,345","34,967","1,131,191",43.96610387
12099dc2f301e7833,ASHEVILLE,NC,15598 BENT CREEK RD,WELLINGTON,33414,PALM BEACH,C60-000-704-6246-0,9886.0,371402.0,1999.0,SINGLE FAMILY,,3306.0,,3,3.0,-99.0,,,,1.05,7.87,26.79385,-80.30469000000002,140.0,True,B   ,X:100,,All Races,Both Sexes,Both,"62,913","68,647","70,155","61,738","51,319","60,563","72,457","86,512","85,509","74,361","66,690","56,852","51,392","56,843","65,890","61,038","43,345","34,967","1,131,191",43.96610387
1209916f0bca20ab9,ARLINGTON,VA,5810 CRYSTAL SHORES DR 205,BOYNTON BEACH,33437,PALM BEACH,C60-000-669-7005-4,,162000.0,1997.0,CONDO STACKED,,1869.0,,4,4.0,-99.0,,,,1.06,8.84,26.36805,-80.19444,140.0,True,B   ,X:100,,All Races,Both Sexes,Both,"62,913","68,647","70,155","61,738","51,319","60,563","72,457","86,512","85,509","74,361","66,690","56,852","51,392","56,843","65,890","61,038","43,345","34,967","1,131,191",43.96610387
120999a31dca8650e,COLUMBIA,SC,1755 VILLAGE BLVD APT 106,WEST PALM BEACH,33409,PALM BEACH,C60-000-713-7864-0,,92000.0,1994.0,CONDO STACKED,,1066.0,,2,,-99.0,966.0,,966.0,1.39,3.3,26.69083,-80.0675,140.0,True,B   ,"X:60, A:40",,All Races,Both Sexes,Both,"62,913","68,647","70,155","61,738","51,319","60,563","72,457","86,512","85,509","74,361","66,690","56,852","51,392","56,843","65,890","61,038","43,345","34,967","1,131,191",43.96610387
12099605251dda6a8,CHAPEL HILL,NC,14460 STRATHMORE LN 107,DELRAY BEACH,33446,PALM BEACH,C60-000-670-9766-7,,101568.0,1981.0,CONDO STACKED,,1230.0,,,,-99.0,,,,0.84,7.07,26.36805,-80.19444,140.0,True,B   ,X:100,,All Races,Both Sexes,Both,"62,913","68,647","70,155","61,738","51,319","60,563","72,457","86,512","85,509","74,361","66,690","56,852","51,392","56,843","65,890","61,038","43,345","34,967","1,131,191",43.96610387
12099f03b1b18080d,MCLEAN,VA,17317 BOCA CLUB BLVD 8,BOCA RATON,33487,PALM BEACH,C60-000-680-3345-5,,263500.0,1993.0,CONDO STACKED,,1657.0,,4,,-99.0,,,,0.96,6.82,26.36805,-80.19444,140.0,True,B   ,A:100,,All Races,Both Sexes,Both,"62,913","68,647","70,155","61,738","51,319","60,563","72,457","86,512","85,509","74,361","66,690","56,852","51,392","56,843","65,890","61,038","43,345","34,967","1,131,191",43.96610387
1209961d26d095413,MIDLOTHIAN,VA,1021 FAIRFAX CIR W,BOYNTON BEACH,33436,PALM BEACH,C60-000-684-7675-3,4728.0,195489.0,1994.0,SINGLE FAMILY,,1766.0,,2,,-99.0,,,,0.94,9.12,26.69083,-80.0675,140.0,True,B   ,X:100,,All Races,Both Sexes,Both,"62,913","68,647","70,155","61,738","51,319","60,563","72,457","86,512","85,509","74,361","66,690","56,852","51,392","56,843","65,890","61,038","43,345","34,967","1,131,191",43.96610387
12099b665d92e5c3f,ALEXANDRIA,VA,530 N DOVER RD,JUPITER,33469,PALM BEACH,C60-000-701-7945-2,8198.0,231832.0,1965.0,SINGLE FAMILY,,1443.0,,3,,-99.0,926.0,,926.0,0.44,3.18,26.92483,-80.13476999999997,140.0,True,B   ,"X:80, X500:20",,All Races,Both Sexes,Both,"62,913","68,647","70,155","61,738","51,319","60,563","72,457","86,512","85,509","74,361","66,690","56,852","51,392","56,843","65,890","61,038","43,345","34,967","1,131,191",43.96610387
1209938a35de9c870,WILMINGTON,NC,1007 N O ST,LAKE WORTH,33460,PALM BEACH,C60-000-696-0089-8,6750.0,191588.0,1929.0,ATTACHED RESIDENTIAL,,2154.0,,4,,1531.2,545.0,,545.0,0.87,4.48,26.69083,-80.0675,140.0,True,C   ,X:100,,All Races,Both Sexes,Both,"62,913","68,647","70,155","61,738","51,319","60,563","72,457","86,512","85,509","74,361","66,690","56,852","51,392","56,843","65,890","61,038","43,345","34,967","1,131,191",43.96610387
1209929acd5fc74ce,LORTON,VA,823 BAYBERRY DR,WEST PALM BEACH,33403,PALM BEACH,C60-000-695-1057-6,7298.0,93865.0,1935.0,SINGLE FAMILY,,790.0,,3,,-99.0,,,,0.36,1.01,26.783520000000006,-80.05836,140.0,True,B   ,X:100,,All Races,Both Sexes,Both,"62,913","68,647","70,155","61,738","51,319","60,563","72,457","86,512","85,509","74,361","66,690","56,852","51,392","56,843","65,890","61,038","43,345","34,967","1,131,191",43.96610387
120998cf8da106c26,WINSTON SALEM,NC,449 SW 4TH AVE,BOYNTON BEACH,33435,PALM BEACH,C60-000-686-1260-5,8457.0,173892.0,1966.0,SINGLE FAMILY,,1371.0,,2,,-99.0,191.0,,191.0,0.62,11.54,26.69083,-80.0675,140.0,True,B   ,X:100,,All Races,Both Sexes,Both,"62,913","68,647","70,155","61,738","51,319","60,563","72,457","86,512","85,509","74,361","66,690","56,852","51,392","56,843","65,890","61,038","43,345","34,967","1,131,191",43.96610387
12099a6d24b66c521,ALEXANDRIA,VA,298 NE 8TH ST,BOCA RATON,33432,PALM BEACH,C60-000-683-5140-2,21602.0,652363.0,1960.0,SINGLE FAMILY,,1940.0,,2,,1742.4,183.0,,183.0,0.25,7.04,26.36805,-80.19444,140.0,True,B   ,X:100,,All Races,Both Sexes,Both,"62,913","68,647","70,155","61,738","51,319","60,563","72,457","86,512","85,509","74,361","66,690","56,852","51,392","56,843","65,890","61,038","43,345","34,967","1,131,191",43.96610387
12115C7E35CE603EA,ARLINGTON,VA,4110 CENTRAL SARASOTA PKWY 124,SARASOTA,34238,SARASOTA,C68-000-886-2548-8,,77100.0,1998.0,CONDO STACKED,,686.0,,3,,-99.0,,,,0.39,5.46,27.275140000000004,-82.55399,130.0,True,B   ,"X:90, X500:10",,All Races,Both Sexes,Both,"12,797","14,867","16,021","14,343","11,190","13,182","15,987","19,877","21,639","21,116","20,691","20,537","21,127","23,463","26,118","23,843","15,981","13,182","325,961",49.75281092
121155e22ee37fd63,JAMESTOWN,NC,534 PENDLETON DR,VENICE,34292,SARASOTA,C68-000-871-5434-0,5585.0,125900.0,1985.0,ATTACHED RESIDENTIAL,,1284.0,,,,-99.0,,,,1.23,2.47,27.0959,-82.41829,130.0,True,B   ,X:100,,All Races,Both Sexes,Both,"12,797","14,867","16,021","14,343","11,190","13,182","15,987","19,877","21,639","21,116","20,691","20,537","21,127","23,463","26,118","23,843","15,981","13,182","325,961",49.75281092
1211500742203CB3E,DAYTON,VA,5600 E LONG COMMON CT 38,SARASOTA,34235,SARASOTA,C68-000-861-9288-7,,202800.0,1989.0,CONDO ROW,,1627.0,,,,-99.0,,,,0.72,4.04,27.3152,-82.47674,130.0,True,B   ,X:100,,All Races,Both Sexes,Both,"12,797","14,867","16,021","14,343","11,190","13,182","15,987","19,877","21,639","21,116","20,691","20,537","21,127","23,463","26,118","23,843","15,981","13,182","325,961",49.75281092
12115f0f254461146,RALEIGH,NC,500 SEEDS AVE,SARASOTA,34237,SARASOTA,C68-000-884-1415-6,9750.0,104100.0,1958.0,SINGLE FAMILY,,962.0,,3,,-99.0,869.0,,869.0,1.16,3.33,27.3152,-82.47674,130.0,True,B   ,X500:100,,All Races,Both Sexes,Both,"12,797","14,867","16,021","14,343","11,190","13,182","15,987","19,877","21,639","21,116","20,691","20,537","21,127","23,463","26,118","23,843","15,981","13,182","325,961",49.75281092
12115E8B2F1D99BB0,ALEXANDRIA,VA,4871 VILLAGE GARDENS DR 190,SARASOTA,34234,SARASOTA,C68-000-861-4100-9,,97500.0,1982.0,CONDO ROW,,1316.0,,,,-99.0,869.0,,869.0,0.65,3.2,27.41706,-82.56742,130.0,True,B   ,X:100,,All Races,Both Sexes,Both,"12,797","14,867","16,021","14,343","11,190","13,182","15,987","19,877","21,639","21,116","20,691","20,537","21,127","23,463","26,118","23,843","15,981","13,182","325,961",49.75281092
12115B657FC9DBAF1,HICKORY,NC,3452 TALLYWOOD LN 7149,SARASOTA,34237,SARASOTA,C68-000-883-5694-4,,126100.0,1983.0,CONDO ROW,,1638.0,,3,99.0,-99.0,869.0,,869.0,0.75,2.85,27.3152,-82.47674,130.0,True,B   ,X:100,,All Races,Both Sexes,Both,"12,797","14,867","16,021","14,343","11,190","13,182","15,987","19,877","21,639","21,116","20,691","20,537","21,127","23,463","26,118","23,843","15,981","13,182","325,961",49.75281092
1211540eac9af7167,RICHMOND,VA,2168 CASS ST,SARASOTA,34231,SARASOTA,C68-000-867-1996-0,10223.0,156400.0,1956.0,SINGLE FAMILY,,1561.0,,3,,3273.6,,,,1.09,3.28,27.275140000000004,-82.55399,130.0,True,B   ,X:100,,All Races,Both Sexes,Both,"12,797","14,867","16,021","14,343","11,190","13,182","15,987","19,877","21,639","21,116","20,691","20,537","21,127","23,463","26,118","23,843","15,981","13,182","325,961",49.75281092
12115916c2c949af9,LAKE LURE,NC,2171 MCCLELLAN PKWY,SARASOTA,34239,SARASOTA,C68-000-884-8293-0,7475.0,401300.0,1940.0,SINGLE FAMILY,,1543.0,,,,1003.2,869.0,,869.0,0.61,2.89,27.275140000000004,-82.55399,130.0,True,C   ,X500:100,,All Races,Both Sexes,Both,"12,797","14,867","16,021","14,343","11,190","13,182","15,987","19,877","21,639","21,116","20,691","20,537","21,127","23,463","26,118","23,843","15,981","13,182","325,961",49.75281092
12115e166d93e0633,HARRISONBURG,VA,1870 BAHIA VISTA ST,SARASOTA,34239,SARASOTA,C68-000-884-7589-2,17552.0,535400.0,1938.0,SINGLE FAMILY,,1267.0,,3,99.0,2956.8,869.0,,869.0,0.36,3.45,27.3152,-82.47674,130.0,True,B   ,X:100,,All Races,Both Sexes,Both,"12,797","14,867","16,021","14,343","11,190","13,182","15,987","19,877","21,639","21,116","20,691","20,537","21,127","23,463","26,118","23,843","15,981","13,182","325,961",49.75281092
1211544028709F1DD,OAKTON,VA,171 VISTA HERMOSA CIR 21-B,SARASOTA,34242,SARASOTA,C68-000-867-0448-3,,267400.0,1971.0,CONDO ROW,,1114.0,,,,686.4,,,,1.13,2.29,27.275140000000004,-82.55399,130.0,True,B   ,A:100,,All Races,Both Sexes,Both,"12,797","14,867","16,021","14,343","11,190","13,182","15,987","19,877","21,639","21,116","20,691","20,537","21,127","23,463","26,118","23,843","15,981","13,182","325,961",49.75281092
120157ce4c67a647a,MOUNT GILEAD,NC,3073 CONWAY BLVD,PORT CHARLOTTE,33952,CHARLOTTE,C18-000-125-8194-8,10000.0,155519.0,1973.0,SINGLE FAMILY,,1774.0,,4,,-99.0,,,,0.77,3.91,27.01557,-82.1419,130.0,True,B   ,"X:90, A:10",,All Races,Both Sexes,Both,"5,254","6,119","6,761","6,184","4,215","4,834","5,945","7,590","8,233","8,141","8,618","9,575","10,991","12,862","13,214","11,095","6,916","5,080","141,627",51.38263184
12015fd8d096f3edd,ARDEN,NC,702 PAMELA DR,PUNTA GORDA,33950,CHARLOTTE,C18-000-139-0360-4,12113.0,320650.0,1976.0,SINGLE FAMILY,,1786.0,,,,2807.78,811.0,,811.0,0.06,4.7,27.01557,-82.1419,130.0,True,C   ,A:100,,All Races,Both Sexes,Both,"5,254","6,119","6,761","6,184","4,215","4,834","5,945","7,590","8,233","8,141","8,618","9,575","10,991","12,862","13,214","11,095","6,916","5,080","141,627",51.38263184
1201555fb5840cb6a,MECHANICSVILLE,VA,4282 LIBRARY ST,PORT CHARLOTTE,33948,CHARLOTTE,C18-000-130-2400-5,11000.0,167948.0,1989.0,SINGLE FAMILY,,1279.0,,4,,4118.4,,,,2.64,3.63,27.01557,-82.1419,130.0,True,B   ,A:100,,All Races,Both Sexes,Both,"5,254","6,119","6,761","6,184","4,215","4,834","5,945","7,590","8,233","8,141","8,618","9,575","10,991","12,862","13,214","11,095","6,916","5,080","141,627",51.38263184
120155f6d6b140d7c,CHARLOTTE,NC,2180 BROAD RANCH DR,PORT CHARLOTTE,33948,CHARLOTTE,C18-000-127-4675-6,10000.0,159735.0,1980.0,SINGLE FAMILY,,2414.0,,4,,-99.0,,,,1.87,1.48,27.01557,-82.1419,130.0,True,B   ,X:100,,All Races,Both Sexes,Both,"5,254","6,119","6,761","6,184","4,215","4,834","5,945","7,590","8,233","8,141","8,618","9,575","10,991","12,862","13,214","11,095","6,916","5,080","141,627",51.38263184
12095bf896edec43f,WAYNESVILLE,NC,3926 TIMBER TRL,ORLANDO,32808,ORANGE,C58-000-608-2602-1,7521.0,53098.0,1962.0,SINGLE FAMILY,,1176.0,,,,-99.0,,,,1.22,0.44,28.59861,-81.4625,110.0,False,B   ,X:100,,All Races,Both Sexes,Both,"61,375","65,241","63,672","63,342","70,763","73,918","75,137","80,275","73,346","61,217","51,296","37,413","29,390","26,064","23,305","18,810","12,137","9,643","896,344",36.13367078
120951d72ad6a1208,ASHEVILLE,NC,1714 TANAGER DR,ORLANDO,32803,ORANGE,C58-000-625-7878-6,5941.0,195135.0,1957.0,SINGLE FAMILY,,1263.0,,1,,-99.0,725.0,,725.0,1.41,0.31,28.56763,-81.3356,110.0,False,B   ,X:100,,All Races,Both Sexes,Both,"61,375","65,241","63,672","63,342","70,763","73,918","75,137","80,275","73,346","61,217","51,296","37,413","29,390","26,064","23,305","18,810","12,137","9,643","896,344",36.13367078
120713d4635dceb5a,RALEIGH,NC,6790 HIGHLAND PINES CIR,FORT MYERS,33966,LEE,C46-000-481-7259-7,12502.0,299587.0,2002.0,SINGLE FAMILY,,4549.0,,,,-99.0,,,,1.71,6.55,26.54805,-81.73833,130.0,True,B   ,"X:90, A:10",,All Races,Both Sexes,Both,"22,970","24,224","25,034","22,501","18,816","21,797","24,694","29,498","29,734","27,349","27,484","26,820","27,856","29,921","30,642","25,148","15,482","10,918","440,888",45.83152637
120711ebed9be21bf,FOREST,VA,12210 KELLY GREENS BLVD,FORT MYERS,33908,LEE,C46-000-459-7833-5,14538.0,166345.0,1988.0,CONDO STACKED,,1336.0,,4,,-99.0,,,,0.69,13.92,26.54805,-81.73833,130.0,True,B   ,A:100,,All Races,Both Sexes,Both,"22,970","24,224","25,034","22,501","18,816","21,797","24,694","29,498","29,734","27,349","27,484","26,820","27,856","29,921","30,642","25,148","15,482","10,918","440,888",45.83152637
12071b1234e979884,VIENNA,VA,3881 KENS WAY,BONITA SPRINGS,34134,LEE,C46-001-023-0352-6,9447.0,342380.0,2007.0,CONDO STACKED,,1411.0,,,,3326.4,,,,0.17,11.74,26.27444,-81.63916,130.0,True,B   ,X500:100,,All Races,Both Sexes,Both,"22,970","24,224","25,034","22,501","18,816","21,797","24,694","29,498","29,734","27,349","27,484","26,820","27,856","29,921","30,642","25,148","15,482","10,918","440,888",45.83152637
12071a7fc2823f9cc,ALEXANDRIA,VA,12080 SABAL DUNES LN,FORT MYERS,33913,LEE,C46-000-468-1302-8,8581.0,219652.0,1992.0,SINGLE FAMILY,,3006.0,,,,-99.0,,,,1.45,2.25,26.54805,-81.73833,130.0,True,B   ,X:100,,All Races,Both Sexes,Both,"22,970","24,224","25,034","22,501","18,816","21,797","24,694","29,498","29,734","27,349","27,484","26,820","27,856","29,921","30,642","25,148","15,482","10,918","440,888",45.83152637
120711a4eadad1a2c,MECHANICSVILLE,VA,2319 SW 54TH ST,CAPE CORAL,33914,LEE,C46-000-478-9067-8,17947.0,241436.0,1990.0,SINGLE FAMILY,,4605.0,,3,,-99.0,222.0,,222.0,1.43,13.16,26.7009,-82.15535,130.0,True,B   ,A:100,,All Races,Both Sexes,Both,"22,970","24,224","25,034","22,501","18,816","21,797","24,694","29,498","29,734","27,349","27,484","26,820","27,856","29,921","30,642","25,148","15,482","10,918","440,888",45.83152637
120715f7884d59abf,ARDEN,NC,6660 ROLLAND CT,FORT MYERS,33908,LEE,C46-000-474-8397-9,5401.0,140513.0,1987.0,SINGLE FAMILY,,2754.0,,,,-99.0,,,64.0,0.9,8.68,26.54805,-81.73833,130.0,True,B   ,A:100,,All Races,Both Sexes,Both,"22,970","24,224","25,034","22,501","18,816","21,797","24,694","29,498","29,734","27,349","27,484","26,820","27,856","29,921","30,642","25,148","15,482","10,918","440,888",45.83152637
120710f8d1ebcc054,COLUMBIA,SC,2936 OLEANDER ST,SAINT JAMES CITY,33956,LEE,C46-000-461-4577-7,4238.0,155848.0,1980.0,CONDO STACKED,,1053.0,,6,,3168.0,,,,2.13,14.42,26.7009,-82.15535,130.0,True,C   ,A:100,,All Races,Both Sexes,Both,"22,970","24,224","25,034","22,501","18,816","21,797","24,694","29,498","29,734","27,349","27,484","26,820","27,856","29,921","30,642","25,148","15,482","10,918","440,888",45.83152637
12071dcdcd21f7a24,LELAND,NC,7390 ESTERO BLVD,FORT MYERS BEACH,33931,LEE,C46-000-463-3728-3,8141.0,346418.0,1991.0,CONDO STACKED,,1061.0,,4,,316.8,,,,0.33,13.82,26.54805,-81.73833,130.0,True,C   ,A:100,,All Races,Both Sexes,Both,"22,970","24,224","25,034","22,501","18,816","21,797","24,694","29,498","29,734","27,349","27,484","26,820","27,856","29,921","30,642","25,148","15,482","10,918","440,888",45.83152637
120716cd6745a4a4a,VIRGINIA BEACH,VA,17916 GREY HERON CT,FORT MYERS BEACH,33931,LEE,C46-000-468-4231-6,9322.0,323815.0,1989.0,SINGLE FAMILY,,5196.0,,,,2059.2,,,,0.12,13.65,26.54805,-81.73833,130.0,True,C   ,A:100,,All Races,Both Sexes,Both,"22,970","24,224","25,034","22,501","18,816","21,797","24,694","29,498","29,734","27,349","27,484","26,820","27,856","29,921","30,642","25,148","15,482","10,918","440,888",45.83152637
12071d57c1b65f440,WAXHAW,NC,1501 SE 28TH TER,CAPE CORAL,33904,LEE,C46-000-497-1776-2,11587.0,224489.0,1970.0,SINGLE FAMILY,,3309.0,,3,,-99.0,222.0,,222.0,0.57,7.95,26.69095,-81.86525999999998,130.0,True,B   ,X500:100,,All Races,Both Sexes,Both,"22,970","24,224","25,034","22,501","18,816","21,797","24,694","29,498","29,734","27,349","27,484","26,820","27,856","29,921","30,642","25,148","15,482","10,918","440,888",45.83152637
12071efbc6f2bea03,ALEXANDRIA,VA,5513 ESTERO BLVD,FORT MYERS BEACH,33931,LEE,C46-000-499-8184-8,5619.0,477221.0,2000.0,SINGLE FAMILY,,5198.0,,4,,369.6,,,,1.4,13.53,26.54805,-81.73833,130.0,True,C   ,V:100,,All Races,Both Sexes,Both,"22,970","24,224","25,034","22,501","18,816","21,797","24,694","29,498","29,734","27,349","27,484","26,820","27,856","29,921","30,642","25,148","15,482","10,918","440,888",45.83152637
1207163954d5c800b,WINSTON SALEM,NC,16378 ESTUARY CT,BOKEELIA,33922,LEE,C46-000-495-8367-7,8668.0,356110.0,1987.0,SINGLE FAMILY,,4039.0,,,,1056.0,,,,0.86,0.19,26.7009,-82.15535,130.0,True,C   ,A:100,,All Races,Both Sexes,Both,"22,970","24,224","25,034","22,501","18,816","21,797","24,694","29,498","29,734","27,349","27,484","26,820","27,856","29,921","30,642","25,148","15,482","10,918","440,888",45.83152637
1207142baac71021d,GREENSBORO,NC,14075 BOKEELIA RD,BOKEELIA,33922,LEE,C46-000-466-0258-7,14549.0,198652.0,1989.0,SINGLE FAMILY,,2567.0,,,,2164.8,,,,2.0,2.5,26.7009,-82.15535,130.0,True,C   ,A:100,,All Races,Both Sexes,Both,"22,970","24,224","25,034","22,501","18,816","21,797","24,694","29,498","29,734","27,349","27,484","26,820","27,856","29,921","30,642","25,148","15,482","10,918","440,888",45.83152637
120718e76789cecc0,ARLINGTON,VA,3008 POINCIANA CIR,SANIBEL,33957,LEE,C46-000-492-8056-3,11587.0,398899.0,1975.0,SINGLE FAMILY,,2838.0,,,,2059.2,867.0,,,1.19,19.09,26.7009,-82.15535,130.0,True,C   ,A:100,,All Races,Both Sexes,Both,"22,970","24,224","25,034","22,501","18,816","21,797","24,694","29,498","29,734","27,349","27,484","26,820","27,856","29,921","30,642","25,148","15,482","10,918","440,888",45.83152637
120715bcac56c029b,LEXINGTON,SC,5716 FOXLAKE DR,NORTH FORT MYERS,33917,LEE,C46-000-503-0169-6,4105.0,79135.0,1985.0,CONDO STACKED,,1072.0,,,,2270.4,,,,1.34,0.58,26.69095,-81.86525999999998,130.0,True,B   ,A:100,,All Races,Both Sexes,Both,"22,970","24,224","25,034","22,501","18,816","21,797","24,694","29,498","29,734","27,349","27,484","26,820","27,856","29,921","30,642","25,148","15,482","10,918","440,888",45.83152637
120311350f3a36797,BEAUFORT,SC,7740 SOUTHSIDE BLVD 2502,JACKSONVILLE,32256,DUVAL,C26-000-956-8883-4,656.0,51000.0,1986.0,CONDO STACKED,,1310.0,,3,,-99.0,491.0,,491.0,0.98,1.88,30.25055,-81.53555,119.0,False,B   ,X:100,,All Races,Both Sexes,Both,"56,247","57,959","57,826","54,381","53,365","59,664","61,317","67,216","64,190","55,493","48,039","34,768","26,661","22,670","20,915","17,753","11,251","9,164","778,879",36.51443934
12031fdd3fcd4a166,MARVIN,NC,13062 HARBORTON DR,JACKSONVILLE,32224,DUVAL,C26-000-315-2965-4,6499.0,226522.0,1998.0,SINGLE FAMILY,,2272.0,,3,,-99.0,491.0,,491.0,1.5,3.99,30.25055,-81.53555,120.0,True,B   ,X:100,,All Races,Both Sexes,Both,"56,247","57,959","57,826","54,381","53,365","59,664","61,317","67,216","64,190","55,493","48,039","34,768","26,661","22,670","20,915","17,753","11,251","9,164","778,879",36.51443934
1201771435cf58243,RALEIGH,NC,7025 N NEAL TER,CITRUS SPRINGS,34434,CITRUS,C19-000-151-5534-4,9760.0,90660.0,2007.0,SINGLE FAMILY,1.0,1347.0,,,,-99.0,,,,2.72,1.44,28.956940000000003,-82.42639,110.0,False,B   ,X:100,,All Races,Both Sexes,Both,"4,469","5,540","6,477","5,690","3,528","4,097","5,009","6,408","7,099","6,937","7,390","8,185","9,246","10,194","10,371","8,502","5,205","3,738","118,085",50.07971377
120174d670bb72b87,FALLS CHURCH,VA,22 E MURRAY ST,BEVERLY HILLS,34465,CITRUS,C19-000-153-7250-1,6218.0,36961.0,1970.0,SINGLE FAMILY,1.0,675.0,,,,-99.0,,,,1.19,0.19,28.927940000000003,-82.4562,110.0,False,B   ,X:100,,All Races,Both Sexes,Both,"4,469","5,540","6,477","5,690","3,528","4,097","5,009","6,408","7,099","6,937","7,390","8,185","9,246","10,194","10,371","8,502","5,205","3,738","118,085",50.07971377
12057921d87299151,CULPEPER,VA,1604 LELAND DR,SUN CITY CENTER,33573,HILLSBOROUGH,C39-000-408-8742-4,2080.0,99174.0,1988.0,CONDO ROW,,1675.0,,,,-99.0,,,,2.37,1.47,27.69807,-82.35996999999998,120.0,True,B   ,X:100,,All Races,Both Sexes,Both,"68,444","72,849","71,261","67,522","66,133","73,428","77,476","85,114","80,585","70,299","62,155","46,871","37,138","33,016","30,759","25,797","16,834","13,267","998,948",37.5426839
12057acd8270a267c,WARRENTON,VA,6410 HOLLYDALE PL 101,RIVERVIEW,33578,HILLSBOROUGH,C39-000-955-8186-4,2.0,47530.0,2006.0,CONDO STACKED,,1177.0,,,,-99.0,,,,1.83,3.28,27.93282,-82.36623,120.0,True,B   ,X:100,,All Races,Both Sexes,Both,"68,444","72,849","71,261","67,522","66,133","73,428","77,476","85,114","80,585","70,299","62,155","46,871","37,138","33,016","30,759","25,797","16,834","13,267","998,948",37.5426839
12057e9d82ba2e6a1,CHARLOTTE,NC,2309 W TEXAS AV 102,TAMPA,33629,HILLSBOROUGH,C39-000-396-5388-6,2.0,164566.0,1985.0,CONDO STACKED,,1015.0,,,,1056.0,918.0,,918.0,1.43,0.7,27.93726,-82.48504,120.0,True,B   ,X:100,,All Races,Both Sexes,Both,"68,444","72,849","71,261","67,522","66,133","73,428","77,476","85,114","80,585","70,299","62,155","46,871","37,138","33,016","30,759","25,797","16,834","13,267","998,948",37.5426839
12057f5f25fba226a,ASHEVILLE,NC,8707 N WHITTIER ST,TAMPA,33617,HILLSBOROUGH,C39-000-402-6237-0,10447.0,79234.0,1960.0,SINGLE FAMILY,,1229.0,,3,99.0,-99.0,918.0,,918.0,0.47,0.46,28.03248,-82.40550999999998,120.0,True,B   ,X:100,,All Races,Both Sexes,Both,"68,444","72,849","71,261","67,522","66,133","73,428","77,476","85,114","80,585","70,299","62,155","46,871","37,138","33,016","30,759","25,797","16,834","13,267","998,948",37.5426839
12057d1c276cedeec,RALEIGH,NC,7402 ARMAND DR,TAMPA,33634,HILLSBOROUGH,C39-000-385-6401-9,11591.0,164129.0,1973.0,SINGLE FAMILY,,2279.0,,5,,-99.0,,,,1.51,0.45,28.02102,-82.56614,120.0,True,B   ,X:100,,All Races,Both Sexes,Both,"68,444","72,849","71,261","67,522","66,133","73,428","77,476","85,114","80,585","70,299","62,155","46,871","37,138","33,016","30,759","25,797","16,834","13,267","998,948",37.5426839
12057e25167547d7f,CLIFTON,VA,2923 W SANTIAGO ST,TAMPA,33629,HILLSBOROUGH,C39-000-397-7277-7,1445.0,187647.0,1979.0,ATTACHED RESIDENTIAL,,1090.0,,3,,264.0,918.0,,918.0,1.31,0.77,27.917690000000004,-82.50393000000003,120.0,True,B   ,A:100,,All Races,Both Sexes,Both,"68,444","72,849","71,261","67,522","66,133","73,428","77,476","85,114","80,585","70,299","62,155","46,871","37,138","33,016","30,759","25,797","16,834","13,267","998,948",37.5426839
1205789d015ca43ae,MIDLOTHIAN,VA,2609 E GENESEE ST,TAMPA,33610,HILLSBOROUGH,C39-000-404-5475-3,5205.0,49370.0,1963.0,SINGLE FAMILY,,1230.0,,3,,-99.0,918.0,,918.0,0.97,0.28,27.98382,-82.42546,120.0,True,B   ,X:100,,All Races,Both Sexes,Both,"68,444","72,849","71,261","67,522","66,133","73,428","77,476","85,114","80,585","70,299","62,155","46,871","37,138","33,016","30,759","25,797","16,834","13,267","998,948",37.5426839
120571c65f1183970,STAFFORD,VA,603 SAND RIDGE DR,VALRICO,33594,HILLSBOROUGH,C39-000-412-4965-7,6240.0,124118.0,1990.0,SINGLE FAMILY,,1799.0,,,,-99.0,,,,1.24,0.74,27.93528,-82.26778,120.0,True,B   ,X:100,,All Races,Both Sexes,Both,"68,444","72,849","71,261","67,522","66,133","73,428","77,476","85,114","80,585","70,299","62,155","46,871","37,138","33,016","30,759","25,797","16,834","13,267","998,948",37.5426839
120570eaf060dc668,GREENSBORO,NC,6735 SWAIN AV,TAMPA,33625,HILLSBOROUGH,C39-000-384-5065-6,5859.0,120239.0,1986.0,SINGLE FAMILY,,1401.0,,5,,-99.0,,,,1.32,0.15,28.06111,-82.55556,120.0,True,B   ,X:100,,All Races,Both Sexes,Both,"68,444","72,849","71,261","67,522","66,133","73,428","77,476","85,114","80,585","70,299","62,155","46,871","37,138","33,016","30,759","25,797","16,834","13,267","998,948",37.5426839
12117c58bb7e3eeaa,MORRISVILLE,NC,484 QUEENSBRIDGE DR,LAKE MARY,32746,SEMINOLE,C69-000-893-7597-6,5000.0,184821.0,1990.0,SINGLE FAMILY,,2062.0,,4,,-99.0,,,,1.9,0.66,28.73277,-81.35665999999998,120.0,True,B   ,X:100,,All Races,Both Sexes,Both,"23,062","26,208","27,571","24,802","21,559","24,257","27,676","32,451","32,511","28,879","25,757","18,385","13,228","11,423","9,969","8,297","5,171","3,993","365,199",37.6114365
12117f7328684f2e1,ARLINGTON,VA,30 MOREE #27 LOOP,WINTER SPRINGS,32708,SEMINOLE,C69-000-899-7339-0,,78353.0,1973.0,CONDO STACKED,,1400.0,,2,,-99.0,,,,0.62,0.99,28.721490000000006,-81.31732,120.0,True,B   ,X:100,,All Races,Both Sexes,Both,"23,062","26,208","27,571","24,802","21,559","24,257","27,676","32,451","32,511","28,879","25,757","18,385","13,228","11,423","9,969","8,297","5,171","3,993","365,199",37.6114365
121171e99073c9539,SPRINGFIELD,VA,892 LITTLE BEND RD,ALTAMONTE SPRINGS,32714,SEMINOLE,C69-000-890-3158-7,9372.0,130441.0,1978.0,SINGLE FAMILY,,1049.0,,2,,-99.0,106.0,,,1.2,0.6,28.68888,-81.40276999999998,120.0,True,B   ,X:100,,All Races,Both Sexes,Both,"23,062","26,208","27,571","24,802","21,559","24,257","27,676","32,451","32,511","28,879","25,757","18,385","13,228","11,423","9,969","8,297","5,171","3,993","365,199",37.6114365
12117cb6467c65d4d,BEALETON,VA,1241 LEATHERWOOD DR,ALTAMONTE SPRINGS,32714,SEMINOLE,C69-000-894-3932-7,9373.0,199911.0,1986.0,SINGLE FAMILY,,1807.0,,2,,-99.0,106.0,,,1.56,0.58,28.65055,-81.44083,120.0,True,B   ,X:100,,All Races,Both Sexes,Both,"23,062","26,208","27,571","24,802","21,559","24,257","27,676","32,451","32,511","28,879","25,757","18,385","13,228","11,423","9,969","8,297","5,171","3,993","365,199",37.6114365
12117019003f50321,FINCASTLE,VA,375 LAKE ONTARIO #103 CT,ALTAMONTE SPRINGS,32701,SEMINOLE,C69-000-962-2604-8,,64998.0,1986.0,CONDO STACKED,,924.0,,2,,-99.0,,,,0.42,0.38,28.66083,-81.37533,120.0,True,B   ,X:100,,All Races,Both Sexes,Both,"23,062","26,208","27,571","24,802","21,559","24,257","27,676","32,451","32,511","28,879","25,757","18,385","13,228","11,423","9,969","8,297","5,171","3,993","365,199",37.6114365
1200147470f8e386a,FAIRFAX,VA,6519 W NEWBERRY RD,GAINESVILLE,32605,ALACHUA,C11-000-009-3377-0,871.0,29700.0,1972.0,CONDO STACKED,1.0,702.0,,,,-99.0,,,,1.68,1.76,29.66861,-82.38888,100.0,False,B   ,X:100,,All Races,Both Sexes,Both,"11,161","12,089","12,937","22,354","36,011","17,651","13,756","14,299","14,704","14,297","12,384","8,749","6,645","5,646","5,223","4,490","3,059","2,500","217,955",35.41453511
12001f3a6703cbdc5,ASHEVILLE,NC,1810 NW 23RD BLVD,GAINESVILLE,32605,ALACHUA,C11-000-981-1567-8,1307.0,57900.0,1972.0,CONDO STACKED,1.0,1278.0,,,,-99.0,,,,0.53,1.64,29.65198,-82.33941999999998,100.0,False,B   ,"X:70, A:30",,All Races,Both Sexes,Both,"11,161","12,089","12,937","22,354","36,011","17,651","13,756","14,299","14,704","14,297","12,384","8,749","6,645","5,646","5,223","4,490","3,059","2,500","217,955",35.41453511
1200175e90a6deb00,GREER,SC,5004 NW 39TH TER,GAINESVILLE,32606,ALACHUA,C11-000-002-9291-2,10019.0,140100.0,1974.0,SINGLE FAMILY,1.0,1721.0,,3,99.0,-99.0,387.0,,387.0,0.45,1.63,29.68691,-82.40665,100.0,False,B   ,X:100,,All Races,Both Sexes,Both,"11,161","12,089","12,937","22,354","36,011","17,651","13,756","14,299","14,704","14,297","12,384","8,749","6,645","5,646","5,223","4,490","3,059","2,500","217,955",35.41453511
121131b162ffc7a77,VIRGINIA BEACH,VA,1620 KAUAI CT,GULF BREEZE,32563,SANTA ROSA,C67-000-857-9086-3,8363.0,216104.0,1983.0,SINGLE FAMILY,,2001.0,,,,1742.4,,,43.0,0.56,26.53,30.43055,-86.64527,140.0,True,C   ,A:100,,All Races,Both Sexes,Both,"7,700","8,389","9,592","8,430","5,637","6,910","8,344","10,847","10,565","8,972","7,679","6,302","5,404","4,545","3,579","2,509","1,341",998,"117,743",37.82925524
12113133d2368a65e,NEW BERN,NC,4451 WATKINS ST,PACE,32571,SANTA ROSA,C67-000-853-2964-7,29664.0,69267.0,1975.0,SINGLE FAMILY,,1342.0,,,,-99.0,,,,1.83,31.02,30.43055,-86.64527,140.0,True,B   ,X:100,,All Races,Both Sexes,Both,"7,700","8,389","9,592","8,430","5,637","6,910","8,344","10,847","10,565","8,972","7,679","6,302","5,404","4,545","3,579","2,509","1,341",998,"117,743",37.82925524
120838e3ae80cf5ab,MOORESVILLE,NC,4761 SW 1ST AVE,OCALA,34471,MARION,C52-000-550-9657-2,24130.0,271407.0,2004.0,SINGLE FAMILY,,2198.0,,5,4.0,-99.0,,,,1.75,1.29,29.15555,-82.12319000000002,100.0,False,B   ,X:100,,All Races,Both Sexes,Both,"13,488","15,313","16,756","15,419","10,941","12,349","14,086","17,298","17,954","15,831","15,431","14,908","15,654","17,303","17,986","14,400","8,356","5,443","258,916",44.80600658
1212714389f14a002,CHARLOTTE,NC,1507 PALMETTO ST,NEW SMYRNA BEACH,32168,VOLUSIA,C74-000-938-8121-7,11840.0,152573.0,1952.0,SINGLE FAMILY,1.0,1536.0,,4,,1478.4,676.0,,676.0,1.29,5.26,29.08308,-80.92958,120.0,True,C   ,X:100,,All Races,Both Sexes,Both,"21,657","25,068","27,076","27,602","24,727","22,757","25,487","31,193","32,658","30,379","28,738","24,566","23,624","24,721","25,296","22,076","14,401","11,317","443,343",43.94840789
1212718f55de04631,GRIFTON,NC,609 CHARLES ST,PORT ORANGE,32129,VOLUSIA,C74-000-915-1860-5,7875.0,138127.0,1974.0,SINGLE FAMILY,1.0,1743.0,True,4,,2323.2,801.0,,801.0,0.67,1.05,29.1329,-81.0029,120.0,True,B   ,"X:90, X500:10",,All Races,Both Sexes,Both,"21,657","25,068","27,076","27,602","24,727","22,757","25,487","31,193","32,658","30,379","28,738","24,566","23,624","24,721","25,296","22,076","14,401","11,317","443,343",43.94840789
121276c47d882c3a6,CHESTERFIELD,VA,2700 OCEAN SHORE BLVD 317,ORMOND BEACH,32176,VOLUSIA,C74-000-923-3818-5,9094.0,136104.0,1986.0,CONDO UNIT,,925.0,,5,99.0,369.6,,,,1.67,0.11,29.35629,-81.07075999999998,120.0,True,C   ,X:100,,All Races,Both Sexes,Both,"21,657","25,068","27,076","27,602","24,727","22,757","25,487","31,193","32,658","30,379","28,738","24,566","23,624","24,721","25,296","22,076","14,401","11,317","443,343",43.94840789
121271b0925cf6a23,STAUNTON,VA,5500 OCEAN SHORE BLVD UT 8,ORMOND BEACH,32176,VOLUSIA,C74-000-917-3949-0,11152.0,75481.0,1973.0,CONDO UNIT,1.0,1214.0,,9-May,99.0,844.8,,,,3.55,2.45,29.35629,-81.07075999999998,120.0,True,C   ,X:100,,All Races,Both Sexes,Both,"21,657","25,068","27,076","27,602","24,727","22,757","25,487","31,193","32,658","30,379","28,738","24,566","23,624","24,721","25,296","22,076","14,401","11,317","443,343",43.94840789
121271ef5e9692beb,WISE,VA,4175 S ATLANTIC AV 1120,NEW SMYRNA BEACH,32169,VOLUSIA,C74-000-925-5945-9,1181.0,213472.0,1978.0,CONDO UNIT,,944.0,,4,99.0,316.8,676.0,,676.0,1.78,6.49,29.08308,-80.92958,120.0,True,C   ,X:100,,All Races,Both Sexes,Both,"21,657","25,068","27,076","27,602","24,727","22,757","25,487","31,193","32,658","30,379","28,738","24,566","23,624","24,721","25,296","22,076","14,401","11,317","443,343",43.94840789
121273b23671399d5,MIDLOTHIAN,VA,505 ORA ST,DAYTONA BEACH,32118,VOLUSIA,C74-000-915-8063-9,6250.0,102769.0,1910.0,SINGLE FAMILY,1.0,1031.0,,3,,1372.8,293.0,,293.0,0.79,3.2,29.205990000000003,-81.0583,120.0,True,C   ,X:100,,All Races,Both Sexes,Both,"21,657","25,068","27,076","27,602","24,727","22,757","25,487","31,193","32,658","30,379","28,738","24,566","23,624","24,721","25,296","22,076","14,401","11,317","443,343",43.94840789
12127ad414733c7bf,LOCUST GROVE,VA,680 KINGSTON AV,DAYTONA BEACH,32114,VOLUSIA,C74-000-934-7839-4,15500.0,33448.0,1947.0,SINGLE FAMILY,1.0,925.0,,3,,5016.0,293.0,,293.0,0.62,1.65,29.205990000000003,-81.0583,120.0,True,B   ,A:100,,All Races,Both Sexes,Both,"21,657","25,068","27,076","27,602","24,727","22,757","25,487","31,193","32,658","30,379","28,738","24,566","23,624","24,721","25,296","22,076","14,401","11,317","443,343",43.94840789
12127e67d0d113b37,VIENNA,VA,4402 SEA COVE,NEW SMYRNA BEACH,32169,VOLUSIA,C74-000-925-6185-1,5857.0,237107.0,1984.0,ATTACHED RESIDENTIAL,1.0,1176.0,,4,,1478.4,676.0,,676.0,1.32,6.96,29.08308,-80.92958,120.0,True,C   ,X:100,,All Races,Both Sexes,Both,"21,657","25,068","27,076","27,602","24,727","22,757","25,487","31,193","32,658","30,379","28,738","24,566","23,624","24,721","25,296","22,076","14,401","11,317","443,343",43.94840789
121270f5ae23c949e,LYNCHBURG,VA,3837 S ATLANTIC AV,DAYTONA BEACH SHORES,32118,VOLUSIA,C74-000-913-5581-8,13500.0,682216.0,1963.0,ATTACHED RESIDENTIAL,1.0,3100.0,True,5,99.0,264.0,,,,1.47,2.51,29.1329,-81.0029,120.0,True,C   ,"X:90, V:10",,All Races,Both Sexes,Both,"21,657","25,068","27,076","27,602","24,727","22,757","25,487","31,193","32,658","30,379","28,738","24,566","23,624","24,721","25,296","22,076","14,401","11,317","443,343",43.94840789
1212799fc2e3ac547,WISE,VA,318 CRAWFORD RD,NEW SMYRNA BEACH,32169,VOLUSIA,C74-000-918-4298-9,5800.0,388278.0,1984.0,ATTACHED RESIDENTIAL,,2128.0,,4,,422.4,676.0,,676.0,1.01,3.27,29.08308,-80.92958,120.0,True,C   ,X:100,,All Races,Both Sexes,Both,"21,657","25,068","27,076","27,602","24,727","22,757","25,487","31,193","32,658","30,379","28,738","24,566","23,624","24,721","25,296","22,076","14,401","11,317","443,343",43.94840789
12127a1aec069bb9e,RICHMOND,VA,3817 SANDSTONE CT,NEW SMYRNA BEACH,32169,VOLUSIA,C74-000-926-1835-4,4116.0,134144.0,1981.0,ATTACHED RESIDENTIAL,1.0,1035.0,,4,,950.4,676.0,,676.0,2.07,6.18,29.08308,-80.92958,120.0,True,C   ,X:100,,All Races,Both Sexes,Both,"21,657","25,068","27,076","27,602","24,727","22,757","25,487","31,193","32,658","30,379","28,738","24,566","23,624","24,721","25,296","22,076","14,401","11,317","443,343",43.94840789
121278b2d6e4a3770,GAINESVILLE,VA,4062 JASON ST,NEW SMYRNA BEACH,32168,VOLUSIA,C74-000-920-7146-3,217800.0,134108.0,1974.0,SINGLE FAMILY,1.0,1813.0,,10,,-99.0,,,,4.21,8.76,28.94472,-81.19694,120.0,True,B   ,"A:70, X:30",,All Races,Both Sexes,Both,"21,657","25,068","27,076","27,602","24,727","22,757","25,487","31,193","32,658","30,379","28,738","24,566","23,624","24,721","25,296","22,076","14,401","11,317","443,343",43.94840789
1212772a5d810d464,MATTHEWS,NC,3 SUNSET BLVD,ORMOND BEACH,32176,VOLUSIA,C74-000-925-7435-9,8800.0,172189.0,1967.0,SINGLE FAMILY,1.0,1188.0,,,,580.8,,,,0.59,0.97,29.35629,-81.07075999999998,120.0,True,C   ,X:100,,All Races,Both Sexes,Both,"21,657","25,068","27,076","27,602","24,727","22,757","25,487","31,193","32,658","30,379","28,738","24,566","23,624","24,721","25,296","22,076","14,401","11,317","443,343",43.94840789
1208559d313c46679,MAULDIN,SC,8968 SE PINE CONE LN,HOBE SOUND,33455,MARTIN,C53-000-572-1406-6,12675.0,167130.0,1964.0,SINGLE FAMILY,1.0,1383.0,,,,2745.6,,,,0.75,9.81,26.92483,-80.13476999999997,140.0,True,B   ,X:100,,All Races,Both Sexes,Both,"5,599","6,804","7,188","6,130","4,626","4,988","6,291","8,556","9,180","8,358","8,169","7,581","7,475","8,670","9,289","8,509","5,382","3,936","126,731",47.57107574
12085c324c5fc6fce,VIRGINIA BEACH,VA,786 NE BERNARD ST,JENSEN BEACH,34957,MARTIN,C53-000-571-8033-3,10018.0,128160.0,1953.0,SINGLE FAMILY,1.0,1609.0,,,,-99.0,,,,0.88,3.83,27.1677,-80.26867,140.0,True,B   ,X:100,,All Races,Both Sexes,Both,"5,599","6,804","7,188","6,130","4,626","4,988","6,291","8,556","9,180","8,358","8,169","7,581","7,475","8,670","9,289","8,509","5,382","3,936","126,731",47.57107574
1208513ffee94cc80,VIENNA,VA,173 SE SAILFISH LN,STUART,34996,MARTIN,C53-000-571-8333-7,3354.0,108500.0,1968.0,SINGLE FAMILY,1.0,1073.0,,,,-99.0,,,,1.29,3.75,27.1677,-80.26867,140.0,True,B   ,X:100,,All Races,Both Sexes,Both,"5,599","6,804","7,188","6,130","4,626","4,988","6,291","8,556","9,180","8,358","8,169","7,581","7,475","8,670","9,289","8,509","5,382","3,936","126,731",47.57107574
12005d5e3f8e8e2d2,DULLES,VA,337 MERCEDES AVE,PANAMA CITY,32401,BAY,C13-000-015-4688-6,4007.0,63664.0,1984.0,SINGLE FAMILY,2.0,1244.0,,4,,4065.6,754.0,,754.0,0.43,10.48,30.24806,-85.50854,130.0,True,B   ,X:100,,All Races,Both Sexes,Both,"8,979","10,103","10,331","10,117","8,955","9,661","10,078","12,604","12,394","10,626","9,738","7,895","6,919","6,188","5,554","4,044","2,280","1,751","148,217",39.07297409
120051c60554f8fa4,CHESAPEAKE,VA,1628 VECUNA CIR,PANAMA CITY BEACH,32407,BAY,C13-000-016-4632-2,5924.0,111555.0,1996.0,SINGLE FAMILY,1.0,1612.0,,,,-99.0,,,,0.99,17.08,30.24806,-85.50854,130.0,True,C   ,"A:50, X:50",,All Races,Both Sexes,Both,"8,979","10,103","10,331","10,117","8,955","9,661","10,078","12,604","12,394","10,626","9,738","7,895","6,919","6,188","5,554","4,044","2,280","1,751","148,217",39.07297409
12005bd5b22438d80,NEW BERN,NC,153 MARLIN CIR,PANAMA CITY BEACH,32408,BAY,C13-000-017-5601-4,12108.0,196160.0,1983.0,SINGLE FAMILY,1.0,2008.0,,6,,2278.76,,,,0.96,14.85,30.24806,-85.50854,130.0,True,C   ,X:100,,All Races,Both Sexes,Both,"8,979","10,103","10,331","10,117","8,955","9,661","10,078","12,604","12,394","10,626","9,738","7,895","6,919","6,188","5,554","4,044","2,280","1,751","148,217",39.07297409
120054ea76915c025,FORT BRAGG,NC,8001 BLANCHE DR,PANAMA CITY,32404,BAY,C13-000-011-7190-9,31973.0,152586.0,1989.0,SINGLE FAMILY,2.0,2084.0,,,,1320.0,,,,2.14,5.11,30.25401,-85.50711,130.0,True,B   ,"A:50, X:50",,All Races,Both Sexes,Both,"8,979","10,103","10,331","10,117","8,955","9,661","10,078","12,604","12,394","10,626","9,738","7,895","6,919","6,188","5,554","4,044","2,280","1,751","148,217",39.07297409
12005b2b5c0aba3c2,BELVEDERE,SC,5412 GULF DR,PANAMA CITY BEACH,32408,BAY,C13-000-020-8970-4,2874.0,303478.0,2006.0,SINGLE FAMILY,3.0,2538.0,,6,,369.6,,,,0.84,16.48,30.24806,-85.50854,130.0,True,C   ,X:100,,All Races,Both Sexes,Both,"8,979","10,103","10,331","10,117","8,955","9,661","10,078","12,604","12,394","10,626","9,738","7,895","6,919","6,188","5,554","4,044","2,280","1,751","148,217",39.07297409
12005c53359d690d4,DUMFRIES,VA,7222 SOUTH LAGOON DR,PANAMA CITY BEACH,32408,BAY,C13-000-017-4547-0,7492.0,308881.0,1996.0,SINGLE FAMILY,2.0,2931.0,,6,4.0,1848.0,,,,0.39,16.9,30.24806,-85.50854,130.0,True,C   ,A:100,,All Races,Both Sexes,Both,"8,979","10,103","10,331","10,117","8,955","9,661","10,078","12,604","12,394","10,626","9,738","7,895","6,919","6,188","5,554","4,044","2,280","1,751","148,217",39.07297409
1200590ae13a44cf0,STAFFORD,VA,200 SHASTA ST,PANAMA CITY BEACH,32413,BAY,C13-000-019-2138-6,6229.0,148026.0,1990.0,SINGLE FAMILY,3.0,2302.0,,,,739.2,,,,1.08,17.9,30.49499,-85.84194000000002,130.0,True,C   ,X:100,,All Races,Both Sexes,Both,"8,979","10,103","10,331","10,117","8,955","9,661","10,078","12,604","12,394","10,626","9,738","7,895","6,919","6,188","5,554","4,044","2,280","1,751","148,217",39.07297409
12005399b16da3601,GREER,SC,207 BOCA SHORES DR,PANAMA CITY BEACH,32408,BAY,C13-000-017-0374-3,10367.0,254659.0,1992.0,SINGLE FAMILY,2.0,3266.0,,,,2798.4,,,,0.59,17.02,30.24806,-85.50854,130.0,True,C   ,X:100,,All Races,Both Sexes,Both,"8,979","10,103","10,331","10,117","8,955","9,661","10,078","12,604","12,394","10,626","9,738","7,895","6,919","6,188","5,554","4,044","2,280","1,751","148,217",39.07297409
1.21E+16,WOODBRIDGE,VA,708 ROBY CT,DUNDEE,33838,POLK,C63-000-802-9684-1,14871.0,81867.0,1995.0,SINGLE FAMILY,1.0,1744.0,,,5.0,-99.0,,,,0.54,0.74,28.01667,-81.61667,110.0,False,B   ,X:100,,All Races,Both Sexes,Both,"31,186","33,184","33,853","32,604","27,308","28,809","30,527","34,558","34,035","30,593","28,886","25,474","24,169","24,250","23,872","19,644","11,920","9,052","483,924",40.83684215
12061e784d550ab9c,YADKINVILLE,NC,625 WALLIS AV,SEBASTIAN,32958,INDIAN RIVER,C41-000-429-2624-6,10019.0,101184.0,1981.0,SINGLE FAMILY,1.0,1166.0,,,,-99.0,873.0,,,1.11,10.19,27.74864,-80.64644,140.0,True,B   ,X:100,,All Races,Both Sexes,Both,"5,259","6,020","6,398","6,354","4,430","4,799","5,630","7,033","7,692","7,015","6,722","6,169","6,454","7,783","8,668","7,843","5,154","3,524","112,947",47.36240892
12061622a76f9bbbf,FORT MILL,SC,11036 ROSELAND RD,SEBASTIAN,32958,INDIAN RIVER,C41-000-429-3326-7,10454.0,105312.0,1982.0,SINGLE FAMILY,1.0,1439.0,,4,99.0,-99.0,,,,1.62,9.54,27.74864,-80.64644,140.0,True,B   ,X:100,,All Races,Both Sexes,Both,"5,259","6,020","6,398","6,354","4,430","4,799","5,630","7,033","7,692","7,015","6,722","6,169","6,454","7,783","8,668","7,843","5,154","3,524","112,947",47.36240892
12061c43353dfbc01,VIRGINIA BEACH,VA,165 OCEAN WAY,VERO BEACH,32963,INDIAN RIVER,C41-000-435-5331-2,15246.0,582782.0,1986.0,SINGLE FAMILY,1.0,2656.0,,4,,422.4,,,,0.23,2.65,27.57806,-80.36778000000002,140.0,True,C   ,X:100,,All Races,Both Sexes,Both,"5,259","6,020","6,398","6,354","4,430","4,799","5,630","7,033","7,692","7,015","6,722","6,169","6,454","7,783","8,668","7,843","5,154","3,524","112,947",47.36240892
12061880e679cf4b0,CHAPEL HILL,NC,5380 E HARBOR VILLAGE DR,VERO BEACH,32967,INDIAN RIVER,C41-000-431-8144-5,,433500.0,1993.0,CONDO STACKED,1.0,2414.0,,4,,158.4,,,,1.25,4.47,27.63377,-80.42745,140.0,True,C   ,"X500:60, X:30, A:10",,All Races,Both Sexes,Both,"5,259","6,020","6,398","6,354","4,430","4,799","5,630","7,033","7,692","7,015","6,722","6,169","6,454","7,783","8,668","7,843","5,154","3,524","112,947",47.36240892
12061fa07c40896f3,ALEXANDRIA,VA,1810 PELICAN WAY,VERO BEACH,32963,INDIAN RIVER,C41-000-435-5334-6,13504.0,519425.0,1987.0,SINGLE FAMILY,1.0,2397.0,,4,99.0,633.6,,,,0.19,2.61,27.57806,-80.36778000000002,140.0,True,C   ,X:100,,All Races,Both Sexes,Both,"5,259","6,020","6,398","6,354","4,430","4,799","5,630","7,033","7,692","7,015","6,722","6,169","6,454","7,783","8,668","7,843","5,154","3,524","112,947",47.36240892
120337e773dfb8a9d,NEWPORT NEWS,VA,1378 DEBBY AVE,PENSACOLA,32514,ESCAMBIA,C27-000-324-7169-0,22651.0,93128.0,1979.0,SINGLE FAMILY,,1540.0,,,,-99.0,,,,1.06,35.35,30.43055,-86.64527,135.0,True,B   ,X:100,,All Races,Both Sexes,Both,"17,913","19,513","20,020","24,197","23,456","20,433","19,812","22,575","22,413","19,789","18,106","14,552","12,462","11,186","10,171","8,306","5,343","4,163","294,410",38.27943344
120335f09e2bbea50,WILLIAMSBURG,VA,316 W STRONG ST,PENSACOLA,32501,ESCAMBIA,C27-000-334-7733-2,10498.0,234052.0,1900.0,SINGLE FAMILY,,3887.0,,2,99.0,-99.0,773.0,,773.0,0.63,34.37,30.43055,-86.64527,140.0,True,B   ,X:100,,All Races,Both Sexes,Both,"17,913","19,513","20,020","24,197","23,456","20,433","19,812","22,575","22,413","19,789","18,106","14,552","12,462","11,186","10,171","8,306","5,343","4,163","294,410",38.27943344
12033cc532f5153d3,OAKTON,VA,3500 PARKWOOD LN,PENSACOLA,32504,ESCAMBIA,C27-000-323-4838-5,2980.0,96591.0,1985.0,SINGLE FAMILY,,1593.0,,,,3379.2,773.0,,773.0,0.58,31.58,30.43055,-86.64527,140.0,True,C   ,X:100,,All Races,Both Sexes,Both,"17,913","19,513","20,020","24,197","23,456","20,433","19,812","22,575","22,413","19,789","18,106","14,552","12,462","11,186","10,171","8,306","5,343","4,163","294,410",38.27943344
120331bc5b45ce41e,WOODBRIDGE,VA,4505 TREELINE DR,PENSACOLA,32504,ESCAMBIA,C27-000-323-0433-9,9723.0,151358.0,1973.0,SINGLE FAMILY,,2925.0,,,,2059.2,773.0,,773.0,1.7,31.19,30.43055,-86.64527,140.0,True,C   ,X:100,,All Races,Both Sexes,Both,"17,913","19,513","20,020","24,197","23,456","20,433","19,812","22,575","22,413","19,789","18,106","14,552","12,462","11,186","10,171","8,306","5,343","4,163","294,410",38.27943344
1208945e59d29af10,ALEXANDRIA,VA,1744 N FLETCHER AV,FERNANDINA BEACH,32034,NASSAU,C55-000-585-5671-3,9900.0,665535.0,1976.0,SINGLE FAMILY,,2398.0,,3,99.0,158.4,359.0,,359.0,2.16,6.65,30.6702,-81.53824,120.0,True,C   ,"A:70, V:30",,All Races,Both Sexes,Both,"3,565","3,908","4,435","3,817","2,859","3,272","3,822","4,739","4,797","4,468","4,197","3,579","2,938","2,500","2,072","1,355",796,544,"57,663",39.26479718
12089ed366ee68b8e,MARS HILL,NC,246 S FLETCHER AVE,FERNANDINA BEACH,32034,NASSAU,C55-000-585-3872-9,6650.0,274291.0,1929.0,SINGLE FAMILY,,783.0,,3,4.0,158.4,359.0,,359.0,1.23,6.33,30.6702,-81.53824,120.0,True,C   ,X:100,,All Races,Both Sexes,Both,"3,565","3,908","4,435","3,817","2,859","3,272","3,822","4,739","4,797","4,468","4,197","3,579","2,938","2,500","2,072","1,355",796,544,"57,663",39.26479718
120871d738d4fee9b,ALEXANDRIA,VA,7074 HAWKS CAY BLVD,DUCK KEY,33050,MONROE,C54-000-581-1345-7,1419.0,539397.0,1998.0,ATTACHED RESIDENTIAL,2.0,1320.0,,4,,105.6,,,,1.65,56.12,24.55972,-81.77286,150.0,True,B   ,A:100,,All Races,Both Sexes,Both,"3,462","3,802","4,003","3,698","3,639","4,655","5,605","6,936","7,557","7,498","7,149","5,596","4,341","3,576","3,203","2,417","1,476",976,"79,589",43.13877546
12087bdaf6c291e5c,VIENNA,VA,1069 OCEAN DR,SUMMERLAND KEY,33042,MONROE,C54-000-584-7574-0,20340.0,781237.0,1958.0,SINGLE FAMILY,,780.0,,,,2534.4,,,,4.29,21.73,24.55972,-81.77286,150.0,True,B   ,A:100,,All Races,Both Sexes,Both,"3,462","3,802","4,003","3,698","3,639","4,655","5,605","6,936","7,557","7,498","7,149","5,596","4,341","3,576","3,203","2,417","1,476",976,"79,589",43.13877546
12087005fb19c056a,RALEIGH,NC,1631 SUNRISE DR,BIG PINE KEY,33043,MONROE,C54-000-579-9870-0,14475.0,438018.0,1968.0,SINGLE FAMILY,,1500.0,,5,,-99.0,,,,1.33,27.74,24.55972,-81.77286,150.0,True,B   ,"V:60, A:40",,All Races,Both Sexes,Both,"3,462","3,802","4,003","3,698","3,639","4,655","5,605","6,936","7,557","7,498","7,149","5,596","4,341","3,576","3,203","2,417","1,476",976,"79,589",43.13877546
120871d8216caac91,FAIR BLUFF,NC,27411 MARTINIQUE LN,RAMROD KEY,33042,MONROE,C54-000-584-0053-2,6000.0,340597.0,1997.0,SINGLE FAMILY,1.0,960.0,,,,3220.8,,,,3.0,24.13,24.55972,-81.77286,150.0,True,B   ,A:100,,All Races,Both Sexes,Both,"3,462","3,802","4,003","3,698","3,639","4,655","5,605","6,936","7,557","7,498","7,149","5,596","4,341","3,576","3,203","2,417","1,476",976,"79,589",43.13877546
12087d30783015ada,HAW RIVER,NC,1136 HAKLUYT LN,CUDJOE KEY,33042,MONROE,C54-000-584-2708-9,9051.0,842684.0,1987.0,SINGLE FAMILY,2.0,1824.0,,,,4963.2,,,,1.94,19.28,24.55972,-81.77286,150.0,True,B   ,V:100,,All Races,Both Sexes,Both,"3,462","3,802","4,003","3,698","3,639","4,655","5,605","6,936","7,557","7,498","7,149","5,596","4,341","3,576","3,203","2,417","1,476",976,"79,589",43.13877546
1208774fe5d02de2f,NORTH CHESTERFIELD,VA,12 MAN-O-WAR DR,MARATHON,33050,MONROE,C54-000-580-0047-2,3750.0,333488.0,1970.0,SINGLE FAMILY,1.0,834.0,,,,52.8,,,,2.34,44.67,24.55972,-81.77286,150.0,True,B   ,"V:60, A:40",,All Races,Both Sexes,Both,"3,462","3,802","4,003","3,698","3,639","4,655","5,605","6,936","7,557","7,498","7,149","5,596","4,341","3,576","3,203","2,417","1,476",976,"79,589",43.13877546
